collection_id,timestamp,bin_id,zone,estimated_liters_collected,service_minutes,is_synthetic
COL_00001,2026-04-01 18:00:00,BIN_025,Dining,316.9,4,True
COL_00002,2026-04-01 19:00:00,BIN_024,Dining,323.7,4,True
COL_00003,2026-04-01 20:00:00,BIN_027,Dining,98.6,3,True
COL_00004,2026-04-01 21:00:00,BIN_019,South/West Quad,227.3,3,True
COL_00005,2026-04-01 21:00:00,BIN_023,Dining,198.1,3,True
COL_00006,2026-04-01 23:00:00,BIN_036,Library,224.5,6,True
COL_00007,2026-04-02 02:00:00,BIN_026,Dining,189.6,3,True
COL_00008,2026-04-02 03:00:00,BIN_008,Central Campus,343.1,4,True
COL_00009,2026-04-02 03:00:00,BIN_018,South/West Quad,104.6,5,True
COL_00010,2026-04-02 05:00:00,BIN_031,North Campus,196.2,4,True
COL_00011,2026-04-02 09:00:00,BIN_002,Central Campus,303.7,6,True
COL_00012,2026-04-02 09:00:00,BIN_028,North Campus,143.4,2,True
COL_00013,2026-04-02 10:00:00,BIN_006,Central Campus,209.6,3,True
COL_00014,2026-04-02 10:00:00,BIN_020,South/West Quad,219.7,5,True
COL_00015,2026-04-02 11:00:00,BIN_029,North Campus,152.2,4,True
COL_00016,2026-04-02 11:00:00,BIN_032,North Campus,170.1,4,True
COL_00017,2026-04-02 11:00:00,BIN_033,North Campus,192.5,2,True
COL_00018,2026-04-02 12:00:00,BIN_003,Central Campus,315.7,3,True
COL_00019,2026-04-02 14:00:00,BIN_004,Central Campus,161.6,5,True
COL_00020,2026-04-02 14:00:00,BIN_007,Central Campus,171.1,2,True
COL_00021,2026-04-02 15:00:00,BIN_001,Central Campus,169.0,4,True
COL_00022,2026-04-02 16:00:00,BIN_017,South/West Quad,96.8,4,True
COL_00023,2026-04-02 16:00:00,BIN_030,North Campus,295.5,5,True
COL_00024,2026-04-02 17:00:00,BIN_005,Central Campus,110.2,3,True
COL_00025,2026-04-02 19:00:00,BIN_024,Dining,313.1,3,True
COL_00026,2026-04-02 19:00:00,BIN_025,Dining,294.0,3,True
COL_00027,2026-04-02 20:00:00,BIN_021,South/West Quad,293.9,2,True
COL_00028,2026-04-02 20:00:00,BIN_022,South/West Quad,289.2,2,True
COL_00029,2026-04-02 20:00:00,BIN_027,Dining,96.6,2,True
COL_00030,2026-04-02 21:00:00,BIN_023,Dining,221.0,5,True
COL_00031,2026-04-02 22:00:00,BIN_035,Library,105.2,6,True
COL_00032,2026-04-02 23:00:00,BIN_034,Library,101.8,4,True
COL_00033,2026-04-03 08:00:00,BIN_026,Dining,214.0,5,True
COL_00034,2026-04-03 11:00:00,BIN_019,South/West Quad,208.7,5,True
COL_00035,2026-04-03 20:00:00,BIN_036,Library,188.9,3,True
COL_00036,2026-04-03 22:00:00,BIN_024,Dining,338.7,5,True
COL_00037,2026-04-03 23:00:00,BIN_002,Central Campus,306.7,4,True
COL_00038,2026-04-03 23:00:00,BIN_018,South/West Quad,110.5,2,True
COL_00039,2026-04-03 23:00:00,BIN_025,Dining,296.2,6,True
COL_00040,2026-04-04 00:00:00,BIN_031,North Campus,221.3,4,True
COL_00041,2026-04-04 01:00:00,BIN_027,Dining,111.5,6,True
COL_00042,2026-04-04 02:00:00,BIN_020,South/West Quad,218.1,3,True
COL_00043,2026-04-04 02:00:00,BIN_023,Dining,214.2,6,True
COL_00044,2026-04-04 03:00:00,BIN_008,Central Campus,281.2,3,True
COL_00045,2026-04-04 05:00:00,BIN_015,Michigan Stadium,286.2,6,True
COL_00046,2026-04-04 06:00:00,BIN_029,North Campus,156.0,3,True
COL_00047,2026-04-04 10:00:00,BIN_026,Dining,196.8,2,True
COL_00048,2026-04-04 13:00:00,BIN_022,South/West Quad,283.0,2,True
COL_00049,2026-04-04 14:00:00,BIN_017,South/West Quad,109.6,6,True
COL_00050,2026-04-04 14:00:00,BIN_028,North Campus,142.8,4,True
COL_00051,2026-04-04 15:00:00,BIN_032,North Campus,162.0,4,True
COL_00052,2026-04-04 17:00:00,BIN_003,Central Campus,316.9,2,True
COL_00053,2026-04-04 17:00:00,BIN_021,South/West Quad,318.4,2,True
COL_00054,2026-04-04 18:00:00,BIN_006,Central Campus,190.7,2,True
COL_00055,2026-04-04 19:00:00,BIN_004,Central Campus,159.4,2,True
COL_00056,2026-04-04 19:00:00,BIN_011,Michigan Stadium,225.8,2,True
COL_00057,2026-04-04 20:00:00,BIN_007,Central Campus,147.6,3,True
COL_00058,2026-04-04 20:00:00,BIN_035,Library,114.0,5,True
COL_00059,2026-04-04 21:00:00,BIN_033,North Campus,223.7,5,True
COL_00060,2026-04-04 22:00:00,BIN_034,Library,114.3,6,True
COL_00061,2026-04-05 00:00:00,BIN_001,Central Campus,158.7,6,True
COL_00062,2026-04-05 00:00:00,BIN_024,Dining,338.8,5,True
COL_00063,2026-04-05 02:00:00,BIN_027,Dining,97.3,5,True
COL_00064,2026-04-05 03:00:00,BIN_023,Dining,191.9,4,True
COL_00065,2026-04-05 04:00:00,BIN_025,Dining,318.4,2,True
COL_00066,2026-04-05 08:00:00,BIN_019,South/West Quad,209.9,6,True
COL_00067,2026-04-05 09:00:00,BIN_026,Dining,219.6,3,True
COL_00068,2026-04-05 11:00:00,BIN_005,Central Campus,104.4,3,True
COL_00069,2026-04-05 17:00:00,BIN_030,North Campus,298.4,4,True
COL_00070,2026-04-05 17:00:00,BIN_036,Library,196.4,3,True
COL_00071,2026-04-05 20:00:00,BIN_020,South/West Quad,221.9,6,True
COL_00072,2026-04-05 21:00:00,BIN_018,South/West Quad,109.1,3,True
COL_00073,2026-04-06 02:00:00,BIN_014,Michigan Stadium,299.6,4,True
COL_00074,2026-04-06 02:00:00,BIN_024,Dining,283.0,3,True
COL_00075,2026-04-06 02:00:00,BIN_027,Dining,99.8,4,True
COL_00076,2026-04-06 08:00:00,BIN_022,South/West Quad,343.1,4,True
COL_00077,2026-04-06 08:00:00,BIN_023,Dining,193.4,5,True
COL_00078,2026-04-06 08:00:00,BIN_025,Dining,343.0,2,True
COL_00079,2026-04-06 09:00:00,BIN_021,South/West Quad,304.1,6,True
COL_00080,2026-04-06 10:00:00,BIN_017,South/West Quad,104.9,3,True
COL_00081,2026-04-06 11:00:00,BIN_026,Dining,188.0,4,True
COL_00082,2026-04-06 14:00:00,BIN_002,Central Campus,320.4,5,True
COL_00083,2026-04-06 14:00:00,BIN_016,Michigan Stadium,95.5,4,True
COL_00084,2026-04-06 16:00:00,BIN_009,Michigan Stadium,297.6,3,True
COL_00085,2026-04-06 21:00:00,BIN_012,Michigan Stadium,154.4,3,True
COL_00086,2026-04-06 21:00:00,BIN_034,Library,109.7,5,True
COL_00087,2026-04-06 21:00:00,BIN_035,Library,108.4,4,True
COL_00088,2026-04-06 23:00:00,BIN_013,Michigan Stadium,287.1,4,True
COL_00089,2026-04-07 00:00:00,BIN_031,North Campus,212.7,4,True
COL_00090,2026-04-07 01:00:00,BIN_019,South/West Quad,196.2,6,True
COL_00091,2026-04-07 02:00:00,BIN_008,Central Campus,311.8,3,True
COL_00092,2026-04-07 02:00:00,BIN_027,Dining,96.5,6,True
COL_00093,2026-04-07 07:00:00,BIN_024,Dining,336.5,4,True
COL_00094,2026-04-07 08:00:00,BIN_010,Michigan Stadium,225.3,6,True
COL_00095,2026-04-07 09:00:00,BIN_028,North Campus,154.1,2,True
COL_00096,2026-04-07 10:00:00,BIN_029,North Campus,147.1,5,True
COL_00097,2026-04-07 10:00:00,BIN_032,North Campus,166.6,3,True
COL_00098,2026-04-07 11:00:00,BIN_004,Central Campus,156.2,3,True
COL_00099,2026-04-07 11:00:00,BIN_023,Dining,189.7,2,True
COL_00100,2026-04-07 11:00:00,BIN_025,Dining,298.5,2,True
COL_00101,2026-04-07 11:00:00,BIN_033,North Campus,222.1,2,True
COL_00102,2026-04-07 13:00:00,BIN_026,Dining,209.5,4,True
COL_00103,2026-04-07 14:00:00,BIN_001,Central Campus,164.1,4,True
COL_00104,2026-04-07 14:00:00,BIN_006,Central Campus,225.4,4,True
COL_00105,2026-04-07 14:00:00,BIN_007,Central Campus,145.8,4,True
COL_00106,2026-04-07 15:00:00,BIN_003,Central Campus,306.5,3,True
COL_00107,2026-04-07 15:00:00,BIN_020,South/West Quad,211.0,2,True
COL_00108,2026-04-07 16:00:00,BIN_005,Central Campus,99.8,3,True
COL_00109,2026-04-07 16:00:00,BIN_030,North Campus,318.9,4,True
COL_00110,2026-04-07 16:00:00,BIN_036,Library,191.9,3,True
COL_00111,2026-04-07 18:00:00,BIN_018,South/West Quad,101.9,5,True
COL_00112,2026-04-07 23:00:00,BIN_022,South/West Quad,284.0,4,True
COL_00113,2026-04-08 02:00:00,BIN_021,South/West Quad,282.3,5,True
COL_00114,2026-04-08 06:00:00,BIN_027,Dining,108.4,5,True
COL_00115,2026-04-08 08:00:00,BIN_017,South/West Quad,112.0,2,True
COL_00116,2026-04-08 09:00:00,BIN_024,Dining,327.4,5,True
COL_00117,2026-04-08 13:00:00,BIN_023,Dining,194.4,6,True
COL_00118,2026-04-08 13:00:00,BIN_025,Dining,340.3,5,True
COL_00119,2026-04-08 18:00:00,BIN_002,Central Campus,335.9,5,True
COL_00120,2026-04-08 18:00:00,BIN_026,Dining,227.3,2,True
COL_00121,2026-04-08 18:00:00,BIN_035,Library,108.8,2,True
COL_00122,2026-04-08 20:00:00,BIN_034,Library,110.9,4,True
COL_00123,2026-04-08 22:00:00,BIN_019,South/West Quad,191.9,5,True
COL_00124,2026-04-09 00:00:00,BIN_031,North Campus,194.1,6,True
COL_00125,2026-04-09 01:00:00,BIN_008,Central Campus,301.3,2,True
COL_00126,2026-04-09 06:00:00,BIN_027,Dining,113.0,5,True
COL_00127,2026-04-09 06:00:00,BIN_028,North Campus,161.1,4,True
COL_00128,2026-04-09 08:00:00,BIN_029,North Campus,168.7,6,True
COL_00129,2026-04-09 09:00:00,BIN_020,South/West Quad,194.6,5,True
COL_00130,2026-04-09 09:00:00,BIN_033,North Campus,189.2,3,True
COL_00131,2026-04-09 10:00:00,BIN_018,South/West Quad,112.4,2,True
COL_00132,2026-04-09 12:00:00,BIN_006,Central Campus,198.0,3,True
COL_00133,2026-04-09 12:00:00,BIN_024,Dining,285.3,5,True
COL_00134,2026-04-09 13:00:00,BIN_004,Central Campus,165.9,4,True
COL_00135,2026-04-09 13:00:00,BIN_032,North Campus,164.9,4,True
COL_00136,2026-04-09 15:00:00,BIN_003,Central Campus,307.5,6,True
COL_00137,2026-04-09 15:00:00,BIN_007,Central Campus,155.5,5,True
COL_00138,2026-04-09 15:00:00,BIN_030,North Campus,335.8,3,True
COL_00139,2026-04-09 16:00:00,BIN_001,Central Campus,148.4,5,True
COL_00140,2026-04-09 17:00:00,BIN_023,Dining,218.6,6,True
COL_00141,2026-04-09 17:00:00,BIN_025,Dining,310.4,3,True
COL_00142,2026-04-09 17:00:00,BIN_036,Library,215.6,3,True
COL_00143,2026-04-09 18:00:00,BIN_005,Central Campus,101.6,2,True
COL_00144,2026-04-09 18:00:00,BIN_022,South/West Quad,295.4,6,True
COL_00145,2026-04-09 21:00:00,BIN_021,South/West Quad,331.6,3,True
COL_00146,2026-04-09 21:00:00,BIN_026,Dining,218.0,6,True
COL_00147,2026-04-10 06:00:00,BIN_017,South/West Quad,110.1,4,True
COL_00148,2026-04-10 09:00:00,BIN_015,Michigan Stadium,297.1,3,True
COL_00149,2026-04-10 10:00:00,BIN_027,Dining,111.6,5,True
COL_00150,2026-04-10 13:00:00,BIN_024,Dining,320.3,3,True
COL_00151,2026-04-10 17:00:00,BIN_019,South/West Quad,190.0,2,True
COL_00152,2026-04-10 17:00:00,BIN_035,Library,105.4,4,True
COL_00153,2026-04-10 18:00:00,BIN_002,Central Campus,306.6,4,True
COL_00154,2026-04-10 18:00:00,BIN_008,Central Campus,296.9,2,True
COL_00155,2026-04-10 18:00:00,BIN_025,Dining,305.1,5,True
COL_00156,2026-04-10 18:00:00,BIN_031,North Campus,205.3,2,True
COL_00157,2026-04-10 19:00:00,BIN_023,Dining,187.4,5,True
COL_00158,2026-04-10 20:00:00,BIN_026,Dining,195.9,5,True
COL_00159,2026-04-10 20:00:00,BIN_028,North Campus,142.3,6,True
COL_00160,2026-04-10 20:00:00,BIN_029,North Campus,143.3,4,True
COL_00161,2026-04-10 22:00:00,BIN_034,Library,98.1,5,True
COL_00162,2026-04-11 00:00:00,BIN_020,South/West Quad,228.7,3,True
COL_00163,2026-04-11 04:00:00,BIN_018,South/West Quad,94.8,5,True
COL_00164,2026-04-11 10:00:00,BIN_011,Michigan Stadium,215.6,6,True
COL_00165,2026-04-11 11:00:00,BIN_027,Dining,114.9,5,True
COL_00166,2026-04-11 12:00:00,BIN_021,South/West Quad,304.9,2,True
COL_00167,2026-04-11 12:00:00,BIN_022,South/West Quad,283.6,2,True
COL_00168,2026-04-11 16:00:00,BIN_036,Library,197.8,4,True
COL_00169,2026-04-11 17:00:00,BIN_006,Central Campus,195.4,4,True
COL_00170,2026-04-11 17:00:00,BIN_024,Dining,311.5,6,True
COL_00171,2026-04-11 19:00:00,BIN_025,Dining,342.3,6,True
COL_00172,2026-04-11 19:00:00,BIN_032,North Campus,151.0,2,True
COL_00173,2026-04-11 20:00:00,BIN_033,North Campus,210.9,6,True
COL_00174,2026-04-11 21:00:00,BIN_004,Central Campus,146.4,3,True
COL_00175,2026-04-11 23:00:00,BIN_017,South/West Quad,111.7,2,True
COL_00176,2026-04-11 23:00:00,BIN_026,Dining,214.5,3,True
COL_00177,2026-04-12 00:00:00,BIN_023,Dining,207.2,6,True
COL_00178,2026-04-12 03:00:00,BIN_003,Central Campus,318.9,5,True
COL_00179,2026-04-12 08:00:00,BIN_014,Michigan Stadium,312.5,3,True
COL_00180,2026-04-12 09:00:00,BIN_019,South/West Quad,207.8,2,True
COL_00181,2026-04-12 12:00:00,BIN_012,Michigan Stadium,145.4,4,True
COL_00182,2026-04-12 12:00:00,BIN_016,Michigan Stadium,103.5,3,True
COL_00183,2026-04-12 12:00:00,BIN_027,Dining,109.8,6,True
COL_00184,2026-04-12 13:00:00,BIN_030,North Campus,328.6,6,True
COL_00185,2026-04-12 15:00:00,BIN_001,Central Campus,163.0,6,True
COL_00186,2026-04-12 18:00:00,BIN_020,South/West Quad,190.8,5,True
COL_00187,2026-04-12 18:00:00,BIN_024,Dining,336.6,2,True
COL_00188,2026-04-12 18:00:00,BIN_035,Library,94.2,6,True
COL_00189,2026-04-12 19:00:00,BIN_034,Library,108.6,2,True
COL_00190,2026-04-12 20:00:00,BIN_009,Michigan Stadium,308.0,6,True
COL_00191,2026-04-12 21:00:00,BIN_005,Central Campus,110.2,6,True
COL_00192,2026-04-12 21:00:00,BIN_025,Dining,331.2,5,True
COL_00193,2026-04-12 22:00:00,BIN_018,South/West Quad,112.7,3,True
COL_00194,2026-04-12 23:00:00,BIN_007,Central Campus,152.4,5,True
COL_00195,2026-04-13 01:00:00,BIN_023,Dining,193.4,6,True
COL_00196,2026-04-13 02:00:00,BIN_013,Michigan Stadium,345.2,6,True
COL_00197,2026-04-13 04:00:00,BIN_026,Dining,210.6,2,True
COL_00198,2026-04-13 07:00:00,BIN_022,South/West Quad,308.1,2,True
COL_00199,2026-04-13 08:00:00,BIN_021,South/West Quad,342.0,4,True
COL_00200,2026-04-13 12:00:00,BIN_010,Michigan Stadium,226.4,2,True
COL_00201,2026-04-13 13:00:00,BIN_027,Dining,104.7,6,True
COL_00202,2026-04-13 17:00:00,BIN_029,North Campus,166.0,2,True
COL_00203,2026-04-13 17:00:00,BIN_036,Library,227.1,2,True
COL_00204,2026-04-13 18:00:00,BIN_002,Central Campus,282.4,3,True
COL_00205,2026-04-13 18:00:00,BIN_031,North Campus,195.3,6,True
COL_00206,2026-04-13 19:00:00,BIN_017,South/West Quad,105.8,4,True
COL_00207,2026-04-13 21:00:00,BIN_024,Dining,306.4,3,True
COL_00208,2026-04-13 23:00:00,BIN_023,Dining,191.5,6,True
COL_00209,2026-04-14 03:00:00,BIN_019,South/West Quad,191.6,2,True
COL_00210,2026-04-14 03:00:00,BIN_025,Dining,336.0,6,True
COL_00211,2026-04-14 06:00:00,BIN_008,Central Campus,323.0,2,True
COL_00212,2026-04-14 06:00:00,BIN_028,North Campus,156.7,3,True
COL_00213,2026-04-14 07:00:00,BIN_026,Dining,218.2,6,True
COL_00214,2026-04-14 11:00:00,BIN_006,Central Campus,228.5,6,True
COL_00215,2026-04-14 12:00:00,BIN_004,Central Campus,156.6,2,True
COL_00216,2026-04-14 12:00:00,BIN_032,North Campus,166.7,2,True
COL_00217,2026-04-14 12:00:00,BIN_033,North Campus,213.2,4,True
COL_00218,2026-04-14 13:00:00,BIN_020,South/West Quad,218.2,2,True
COL_00219,2026-04-14 13:00:00,BIN_027,Dining,110.2,3,True
COL_00220,2026-04-14 14:00:00,BIN_003,Central Campus,287.5,4,True
COL_00221,2026-04-14 15:00:00,BIN_005,Central Campus,94.7,5,True
COL_00222,2026-04-14 15:00:00,BIN_030,North Campus,307.1,2,True
COL_00223,2026-04-14 18:00:00,BIN_001,Central Campus,150.7,2,True
COL_00224,2026-04-14 18:00:00,BIN_007,Central Campus,150.5,4,True
COL_00225,2026-04-14 19:00:00,BIN_018,South/West Quad,104.0,4,True
COL_00226,2026-04-14 20:00:00,BIN_034,Library,105.6,5,True
COL_00227,2026-04-14 20:00:00,BIN_035,Library,109.8,5,True
COL_00228,2026-04-14 23:00:00,BIN_022,South/West Quad,334.8,5,True
COL_00229,2026-04-15 00:00:00,BIN_024,Dining,337.3,6,True
COL_00230,2026-04-15 06:00:00,BIN_021,South/West Quad,312.6,5,True
COL_00231,2026-04-15 07:00:00,BIN_023,Dining,218.5,6,True
COL_00232,2026-04-15 07:00:00,BIN_025,Dining,335.7,3,True
COL_00233,2026-04-15 11:00:00,BIN_026,Dining,204.2,5,True
COL_00234,2026-04-15 15:00:00,BIN_027,Dining,96.3,2,True
COL_00235,2026-04-15 16:00:00,BIN_031,North Campus,222.4,6,True
COL_00236,2026-04-15 17:00:00,BIN_017,South/West Quad,98.9,4,True
COL_00237,2026-04-15 18:00:00,BIN_036,Library,225.1,4,True
COL_00238,2026-04-15 19:00:00,BIN_002,Central Campus,344.6,3,True
COL_00239,2026-04-15 19:00:00,BIN_029,North Campus,155.1,4,True
COL_00240,2026-04-15 22:00:00,BIN_008,Central Campus,294.7,4,True
COL_00241,2026-04-15 23:00:00,BIN_019,South/West Quad,216.3,4,True
COL_00242,2026-04-16 00:00:00,BIN_028,North Campus,159.2,5,True
COL_00243,2026-04-16 06:00:00,BIN_024,Dining,314.1,2,True
COL_00244,2026-04-16 07:00:00,BIN_025,Dining,296.6,4,True
COL_00245,2026-04-16 08:00:00,BIN_020,South/West Quad,227.0,4,True
COL_00246,2026-04-16 10:00:00,BIN_006,Central Campus,195.8,6,True
COL_00247,2026-04-16 10:00:00,BIN_032,North Campus,147.1,2,True
COL_00248,2026-04-16 11:00:00,BIN_004,Central Campus,171.9,4,True
COL_00249,2026-04-16 11:00:00,BIN_015,Michigan Stadium,300.1,2,True
COL_00250,2026-04-16 11:00:00,BIN_023,Dining,212.1,3,True
COL_00251,2026-04-16 12:00:00,BIN_026,Dining,223.3,4,True
COL_00252,2026-04-16 13:00:00,BIN_033,North Campus,191.4,3,True
COL_00253,2026-04-16 14:00:00,BIN_007,Central Campus,151.0,6,True
COL_00254,2026-04-16 14:00:00,BIN_018,South/West Quad,105.5,2,True
COL_00255,2026-04-16 15:00:00,BIN_003,Central Campus,297.1,5,True
COL_00256,2026-04-16 16:00:00,BIN_001,Central Campus,160.0,2,True
COL_00257,2026-04-16 16:00:00,BIN_005,Central Campus,110.2,4,True
COL_00258,2026-04-16 16:00:00,BIN_030,North Campus,296.8,6,True
COL_00259,2026-04-16 17:00:00,BIN_027,Dining,99.8,2,True
COL_00260,2026-04-16 20:00:00,BIN_034,Library,112.2,4,True
COL_00261,2026-04-16 21:00:00,BIN_022,South/West Quad,281.0,2,True
COL_00262,2026-04-16 23:00:00,BIN_021,South/West Quad,345.2,5,True
COL_00263,2026-04-16 23:00:00,BIN_035,Library,105.3,4,True
COL_00264,2026-04-17 08:00:00,BIN_017,South/West Quad,106.1,3,True
COL_00265,2026-04-17 09:00:00,BIN_024,Dining,336.3,3,True
COL_00266,2026-04-17 12:00:00,BIN_023,Dining,205.6,4,True
COL_00267,2026-04-17 12:00:00,BIN_025,Dining,336.1,3,True
COL_00268,2026-04-17 13:00:00,BIN_026,Dining,211.0,3,True
COL_00269,2026-04-17 16:00:00,BIN_002,Central Campus,342.9,3,True
COL_00270,2026-04-17 16:00:00,BIN_029,North Campus,161.3,4,True
COL_00271,2026-04-17 17:00:00,BIN_008,Central Campus,290.0,6,True
COL_00272,2026-04-17 17:00:00,BIN_031,North Campus,188.4,3,True
COL_00273,2026-04-17 18:00:00,BIN_027,Dining,106.4,6,True
COL_00274,2026-04-17 18:00:00,BIN_036,Library,204.9,3,True
COL_00275,2026-04-17 20:00:00,BIN_028,North Campus,144.3,5,True
COL_00276,2026-04-17 21:00:00,BIN_019,South/West Quad,224.3,6,True
COL_00277,2026-04-17 22:00:00,BIN_011,Michigan Stadium,193.4,4,True
COL_00278,2026-04-18 06:00:00,BIN_012,Michigan Stadium,168.0,2,True
COL_00279,2026-04-18 07:00:00,BIN_018,South/West Quad,105.0,3,True
COL_00280,2026-04-18 07:00:00,BIN_020,South/West Quad,207.6,3,True
COL_00281,2026-04-18 11:00:00,BIN_006,Central Campus,203.6,6,True
COL_00282,2026-04-18 11:00:00,BIN_032,North Campus,153.2,5,True
COL_00283,2026-04-18 12:00:00,BIN_024,Dining,340.4,3,True
COL_00284,2026-04-18 13:00:00,BIN_023,Dining,193.8,2,True
COL_00285,2026-04-18 14:00:00,BIN_004,Central Campus,164.6,3,True
COL_00286,2026-04-18 15:00:00,BIN_025,Dining,316.9,5,True
COL_00287,2026-04-18 16:00:00,BIN_033,North Campus,209.3,4,True
COL_00288,2026-04-18 17:00:00,BIN_022,South/West Quad,286.6,6,True
COL_00289,2026-04-18 17:00:00,BIN_026,Dining,196.8,3,True
COL_00290,2026-04-18 18:00:00,BIN_016,Michigan Stadium,100.3,6,True
COL_00291,2026-04-18 19:00:00,BIN_021,South/West Quad,335.0,2,True
COL_00292,2026-04-18 19:00:00,BIN_027,Dining,111.4,4,True
COL_00293,2026-04-18 21:00:00,BIN_034,Library,114.9,6,True
COL_00294,2026-04-19 00:00:00,BIN_013,Michigan Stadium,291.2,4,True
COL_00295,2026-04-19 00:00:00,BIN_017,South/West Quad,107.7,3,True
COL_00296,2026-04-19 01:00:00,BIN_007,Central Campus,147.7,3,True
COL_00297,2026-04-19 02:00:00,BIN_014,Michigan Stadium,343.3,5,True
COL_00298,2026-04-19 02:00:00,BIN_035,Library,109.7,2,True
COL_00299,2026-04-19 08:00:00,BIN_003,Central Campus,287.1,4,True
COL_00300,2026-04-19 12:00:00,BIN_010,Michigan Stadium,210.1,2,True
COL_00301,2026-04-19 12:00:00,BIN_024,Dining,315.2,2,True
COL_00302,2026-04-19 13:00:00,BIN_001,Central Campus,160.4,6,True
COL_00303,2026-04-19 14:00:00,BIN_005,Central Campus,107.2,6,True
COL_00304,2026-04-19 16:00:00,BIN_009,Michigan Stadium,301.8,3,True
COL_00305,2026-04-19 17:00:00,BIN_023,Dining,207.4,5,True
COL_00306,2026-04-19 17:00:00,BIN_025,Dining,319.1,2,True
COL_00307,2026-04-19 18:00:00,BIN_019,South/West Quad,199.3,5,True
COL_00308,2026-04-19 18:00:00,BIN_026,Dining,190.9,4,True
COL_00309,2026-04-19 18:00:00,BIN_030,North Campus,315.0,5,True
COL_00310,2026-04-19 19:00:00,BIN_027,Dining,107.9,4,True
COL_00311,2026-04-19 19:00:00,BIN_036,Library,219.3,4,True
COL_00312,2026-04-19 23:00:00,BIN_018,South/West Quad,110.2,2,True
COL_00313,2026-04-20 00:00:00,BIN_020,South/West Quad,188.3,4,True
COL_00314,2026-04-20 06:00:00,BIN_022,South/West Quad,311.6,5,True
COL_00315,2026-04-20 12:00:00,BIN_021,South/West Quad,316.6,6,True
COL_00316,2026-04-20 13:00:00,BIN_024,Dining,333.2,6,True
COL_00317,2026-04-20 15:00:00,BIN_002,Central Campus,335.6,2,True
COL_00318,2026-04-20 17:00:00,BIN_008,Central Campus,332.6,5,True
COL_00319,2026-04-20 17:00:00,BIN_025,Dining,286.7,5,True
COL_00320,2026-04-20 17:00:00,BIN_029,North Campus,162.3,2,True
COL_00321,2026-04-20 19:00:00,BIN_017,South/West Quad,103.4,6,True
COL_00322,2026-04-20 20:00:00,BIN_023,Dining,219.2,2,True
COL_00323,2026-04-20 20:00:00,BIN_026,Dining,214.4,6,True
COL_00324,2026-04-20 21:00:00,BIN_034,Library,97.0,6,True
COL_00325,2026-04-20 23:00:00,BIN_035,Library,99.8,3,True
COL_00326,2026-04-21 00:00:00,BIN_027,Dining,108.6,4,True
COL_00327,2026-04-21 01:00:00,BIN_028,North Campus,169.0,5,True
COL_00328,2026-04-21 02:00:00,BIN_031,North Campus,218.1,5,True
COL_00329,2026-04-21 10:00:00,BIN_032,North Campus,144.3,3,True
COL_00330,2026-04-21 11:00:00,BIN_006,Central Campus,219.1,6,True
COL_00331,2026-04-21 11:00:00,BIN_033,North Campus,225.8,4,True
COL_00332,2026-04-21 12:00:00,BIN_019,South/West Quad,220.2,3,True
COL_00333,2026-04-21 13:00:00,BIN_003,Central Campus,294.6,4,True
COL_00334,2026-04-21 13:00:00,BIN_004,Central Campus,163.8,6,True
COL_00335,2026-04-21 13:00:00,BIN_007,Central Campus,152.2,6,True
COL_00336,2026-04-21 14:00:00,BIN_024,Dining,293.5,6,True
COL_00337,2026-04-21 16:00:00,BIN_005,Central Campus,98.6,4,True
COL_00338,2026-04-21 16:00:00,BIN_030,North Campus,307.7,6,True
COL_00339,2026-04-21 18:00:00,BIN_001,Central Campus,141.4,2,True
COL_00340,2026-04-21 18:00:00,BIN_025,Dining,302.8,5,True
COL_00341,2026-04-21 18:00:00,BIN_036,Library,220.3,6,True
COL_00342,2026-04-21 19:00:00,BIN_018,South/West Quad,114.7,5,True
COL_00343,2026-04-21 20:00:00,BIN_020,South/West Quad,229.9,3,True
COL_00344,2026-04-21 22:00:00,BIN_022,South/West Quad,293.6,4,True
COL_00345,2026-04-21 23:00:00,BIN_026,Dining,230.0,6,True
COL_00346,2026-04-22 01:00:00,BIN_023,Dining,221.3,3,True
COL_00347,2026-04-22 03:00:00,BIN_027,Dining,108.0,5,True
COL_00348,2026-04-22 08:00:00,BIN_015,Michigan Stadium,331.2,3,True
COL_00349,2026-04-22 08:00:00,BIN_021,South/West Quad,329.7,5,True
COL_00350,2026-04-22 12:00:00,BIN_002,Central Campus,318.4,2,True
COL_00351,2026-04-22 15:00:00,BIN_008,Central Campus,338.3,5,True
COL_00352,2026-04-22 15:00:00,BIN_024,Dining,310.1,2,True
COL_00353,2026-04-22 16:00:00,BIN_031,North Campus,228.6,2,True
COL_00354,2026-04-22 17:00:00,BIN_017,South/West Quad,102.5,5,True
COL_00355,2026-04-22 17:00:00,BIN_029,North Campus,166.8,6,True
COL_00356,2026-04-22 18:00:00,BIN_025,Dining,318.7,4,True
COL_00357,2026-04-22 19:00:00,BIN_034,Library,97.0,4,True
COL_00358,2026-04-23 00:00:00,BIN_023,Dining,195.5,2,True
COL_00359,2026-04-23 00:00:00,BIN_026,Dining,196.4,6,True
COL_00360,2026-04-23 01:00:00,BIN_028,North Campus,155.9,3,True
COL_00361,2026-04-23 03:00:00,BIN_033,North Campus,209.8,3,True
COL_00362,2026-04-23 05:00:00,BIN_035,Library,98.6,6,True
COL_00363,2026-04-23 07:00:00,BIN_011,Michigan Stadium,216.7,5,True
COL_00364,2026-04-23 07:00:00,BIN_019,South/West Quad,216.3,6,True
COL_00365,2026-04-23 07:00:00,BIN_027,Dining,101.2,4,True
COL_00366,2026-04-23 10:00:00,BIN_018,South/West Quad,97.2,2,True
COL_00367,2026-04-23 10:00:00,BIN_020,South/West Quad,197.4,3,True
COL_00368,2026-04-23 11:00:00,BIN_003,Central Campus,340.1,3,True
COL_00369,2026-04-23 11:00:00,BIN_006,Central Campus,219.9,4,True
COL_00370,2026-04-23 13:00:00,BIN_032,North Campus,170.1,5,True
COL_00371,2026-04-23 15:00:00,BIN_004,Central Campus,171.2,2,True
COL_00372,2026-04-23 15:00:00,BIN_007,Central Campus,144.5,2,True
COL_00373,2026-04-23 16:00:00,BIN_030,North Campus,285.1,6,True
COL_00374,2026-04-23 17:00:00,BIN_001,Central Campus,169.0,3,True
COL_00375,2026-04-23 18:00:00,BIN_024,Dining,304.0,2,True
COL_00376,2026-04-23 19:00:00,BIN_005,Central Campus,113.3,3,True
COL_00377,2026-04-23 19:00:00,BIN_025,Dining,338.8,6,True
COL_00378,2026-04-23 20:00:00,BIN_036,Library,188.1,5,True
COL_00379,2026-04-23 22:00:00,BIN_022,South/West Quad,326.6,5,True
COL_00380,2026-04-24 05:00:00,BIN_012,Michigan Stadium,162.7,5,True
COL_00381,2026-04-24 05:00:00,BIN_021,South/West Quad,328.3,3,True
COL_00382,2026-04-24 07:00:00,BIN_026,Dining,230.2,6,True
COL_00383,2026-04-24 08:00:00,BIN_023,Dining,228.6,5,True
COL_00384,2026-04-24 09:00:00,BIN_017,South/West Quad,109.1,4,True
COL_00385,2026-04-24 11:00:00,BIN_027,Dining,94.4,2,True
COL_00386,2026-04-24 12:00:00,BIN_002,Central Campus,286.0,3,True
COL_00387,2026-04-24 14:00:00,BIN_008,Central Campus,300.5,4,True
COL_00388,2026-04-24 14:00:00,BIN_016,Michigan Stadium,97.1,4,True
COL_00389,2026-04-24 17:00:00,BIN_029,North Campus,158.2,4,True
COL_00390,2026-04-24 17:00:00,BIN_033,North Campus,191.5,3,True
COL_00391,2026-04-24 19:00:00,BIN_025,Dining,344.7,6,True
COL_00392,2026-04-24 19:00:00,BIN_031,North Campus,201.1,3,True
COL_00393,2026-04-24 20:00:00,BIN_024,Dining,317.0,6,True
COL_00394,2026-04-24 20:00:00,BIN_028,North Campus,170.7,5,True
COL_00395,2026-04-24 21:00:00,BIN_034,Library,102.4,6,True
COL_00396,2026-04-24 23:00:00,BIN_035,Library,102.4,2,True
COL_00397,2026-04-25 00:00:00,BIN_019,South/West Quad,199.9,3,True
COL_00398,2026-04-25 01:00:00,BIN_018,South/West Quad,111.3,6,True
COL_00399,2026-04-25 05:00:00,BIN_013,Michigan Stadium,344.4,6,True
COL_00400,2026-04-25 05:00:00,BIN_014,Michigan Stadium,341.9,5,True
COL_00401,2026-04-25 07:00:00,BIN_010,Michigan Stadium,188.1,3,True
COL_00402,2026-04-25 09:00:00,BIN_020,South/West Quad,223.8,2,True
COL_00403,2026-04-25 09:00:00,BIN_023,Dining,198.2,4,True
COL_00404,2026-04-25 11:00:00,BIN_003,Central Campus,326.9,3,True
COL_00405,2026-04-25 11:00:00,BIN_026,Dining,194.5,5,True
COL_00406,2026-04-25 13:00:00,BIN_027,Dining,101.1,5,True
COL_00407,2026-04-25 15:00:00,BIN_006,Central Campus,207.4,6,True
COL_00408,2026-04-25 17:00:00,BIN_036,Library,220.1,3,True
COL_00409,2026-04-25 19:00:00,BIN_032,North Campus,161.6,2,True
COL_00410,2026-04-25 21:00:00,BIN_022,South/West Quad,324.1,6,True
COL_00411,2026-04-25 22:00:00,BIN_025,Dining,344.4,2,True
COL_00412,2026-04-25 23:00:00,BIN_021,South/West Quad,282.1,6,True
COL_00413,2026-04-26 01:00:00,BIN_024,Dining,304.7,5,True
COL_00414,2026-04-26 03:00:00,BIN_009,Michigan Stadium,330.3,2,True
COL_00415,2026-04-26 04:00:00,BIN_017,South/West Quad,105.2,5,True
COL_00416,2026-04-26 09:00:00,BIN_001,Central Campus,158.7,6,True
COL_00417,2026-04-26 12:00:00,BIN_023,Dining,194.2,3,True
COL_00418,2026-04-26 12:00:00,BIN_026,Dining,219.2,2,True
COL_00419,2026-04-26 13:00:00,BIN_005,Central Campus,112.2,5,True
COL_00420,2026-04-26 14:00:00,BIN_004,Central Campus,170.2,5,True
COL_00421,2026-04-26 17:00:00,BIN_015,Michigan Stadium,330.2,6,True
COL_00422,2026-04-26 17:00:00,BIN_019,South/West Quad,211.4,5,True
COL_00423,2026-04-26 17:00:00,BIN_027,Dining,108.1,3,True
COL_00424,2026-04-26 18:00:00,BIN_030,North Campus,299.7,6,True
COL_00425,2026-04-26 19:00:00,BIN_007,Central Campus,162.6,6,True
COL_00426,2026-04-26 19:00:00,BIN_018,South/West Quad,96.5,2,True
COL_00427,2026-04-26 19:00:00,BIN_034,Library,114.2,2,True
COL_00428,2026-04-26 22:00:00,BIN_035,Library,93.9,6,True
COL_00429,2026-04-26 23:00:00,BIN_011,Michigan Stadium,201.3,5,True
COL_00430,2026-04-26 23:00:00,BIN_020,South/West Quad,200.7,5,True
COL_00431,2026-04-27 05:00:00,BIN_025,Dining,333.7,6,True
COL_00432,2026-04-27 06:00:00,BIN_024,Dining,340.3,4,True
COL_00433,2026-04-27 12:00:00,BIN_002,Central Campus,283.9,4,True
COL_00434,2026-04-27 13:00:00,BIN_026,Dining,229.4,5,True
COL_00435,2026-04-27 14:00:00,BIN_008,Central Campus,295.0,2,True
COL_00436,2026-04-27 14:00:00,BIN_023,Dining,196.3,3,True
COL_00437,2026-04-27 15:00:00,BIN_029,North Campus,157.1,4,True
COL_00438,2026-04-27 16:00:00,BIN_028,North Campus,147.5,3,True
COL_00439,2026-04-27 16:00:00,BIN_031,North Campus,229.1,6,True
COL_00440,2026-04-27 16:00:00,BIN_033,North Campus,223.9,5,True
COL_00441,2026-04-27 18:00:00,BIN_021,South/West Quad,345.3,4,True
COL_00442,2026-04-27 18:00:00,BIN_032,North Campus,150.3,5,True
COL_00443,2026-04-27 19:00:00,BIN_022,South/West Quad,332.8,3,True
COL_00444,2026-04-27 19:00:00,BIN_027,Dining,99.9,2,True
COL_00445,2026-04-27 19:00:00,BIN_036,Library,197.7,3,True
COL_00446,2026-04-27 21:00:00,BIN_017,South/West Quad,114.3,6,True
COL_00447,2026-04-27 22:00:00,BIN_030,North Campus,299.9,3,True
COL_00448,2026-04-27 23:00:00,BIN_012,Michigan Stadium,163.6,3,True
COL_00449,2026-04-28 04:00:00,BIN_016,Michigan Stadium,104.7,5,True
COL_00450,2026-04-28 07:00:00,BIN_025,Dining,292.0,6,True
COL_00451,2026-04-28 08:00:00,BIN_024,Dining,333.9,4,True
COL_00452,2026-04-28 10:00:00,BIN_018,South/West Quad,96.3,3,True
COL_00453,2026-04-28 10:00:00,BIN_019,South/West Quad,193.3,4,True
COL_00454,2026-04-28 11:00:00,BIN_006,Central Campus,203.8,6,True
COL_00455,2026-04-28 12:00:00,BIN_003,Central Campus,330.3,3,True
COL_00456,2026-04-28 15:00:00,BIN_004,Central Campus,154.0,6,True
COL_00457,2026-04-28 16:00:00,BIN_001,Central Campus,151.4,2,True
COL_00458,2026-04-28 16:00:00,BIN_020,South/West Quad,196.1,5,True
COL_00459,2026-04-28 16:00:00,BIN_026,Dining,227.0,2,True
COL_00460,2026-04-28 17:00:00,BIN_005,Central Campus,99.4,2,True
COL_00461,2026-04-28 17:00:00,BIN_007,Central Campus,172.0,2,True
COL_00462,2026-04-28 17:00:00,BIN_023,Dining,226.3,2,True
COL_00463,2026-04-28 21:00:00,BIN_013,Michigan Stadium,300.8,5,True
COL_00464,2026-04-28 21:00:00,BIN_034,Library,104.8,2,True
COL_00465,2026-04-29 01:00:00,BIN_027,Dining,98.6,4,True
COL_00466,2026-04-29 05:00:00,BIN_035,Library,114.9,6,True
COL_00467,2026-04-29 07:00:00,BIN_010,Michigan Stadium,219.5,4,True
COL_00468,2026-04-29 10:00:00,BIN_024,Dining,283.3,4,True
COL_00469,2026-04-29 10:00:00,BIN_029,North Campus,148.3,6,True
COL_00470,2026-04-29 11:00:00,BIN_025,Dining,292.0,6,True
COL_00471,2026-04-29 11:00:00,BIN_028,North Campus,168.8,3,True
COL_00472,2026-04-29 12:00:00,BIN_002,Central Campus,316.9,5,True
COL_00473,2026-04-29 13:00:00,BIN_008,Central Campus,293.6,2,True
COL_00474,2026-04-29 13:00:00,BIN_014,Michigan Stadium,285.1,3,True
COL_00475,2026-04-29 13:00:00,BIN_021,South/West Quad,296.5,6,True
COL_00476,2026-04-29 13:00:00,BIN_022,South/West Quad,299.4,3,True
COL_00477,2026-04-29 14:00:00,BIN_033,North Campus,192.0,5,True
COL_00478,2026-04-29 16:00:00,BIN_017,South/West Quad,114.1,5,True
COL_00479,2026-04-29 16:00:00,BIN_031,North Campus,208.7,2,True
COL_00480,2026-04-29 16:00:00,BIN_032,North Campus,167.8,6,True
COL_00481,2026-04-29 17:00:00,BIN_023,Dining,219.9,6,True
COL_00482,2026-04-29 17:00:00,BIN_030,North Campus,283.6,3,True
COL_00483,2026-04-29 18:00:00,BIN_026,Dining,212.7,6,True
COL_00484,2026-04-29 19:00:00,BIN_003,Central Campus,336.3,5,True
COL_00485,2026-04-29 19:00:00,BIN_006,Central Campus,200.4,4,True
COL_00486,2026-04-29 19:00:00,BIN_036,Library,208.3,3,True
COL_00487,2026-04-30 01:00:00,BIN_001,Central Campus,141.7,4,True
COL_00488,2026-04-30 01:00:00,BIN_004,Central Campus,154.1,2,True
COL_00489,2026-04-30 04:00:00,BIN_005,Central Campus,106.1,3,True
COL_00490,2026-04-30 05:00:00,BIN_018,South/West Quad,109.1,6,True
COL_00491,2026-04-30 05:00:00,BIN_019,South/West Quad,206.7,2,True
COL_00492,2026-04-30 08:00:00,BIN_027,Dining,111.2,2,True
COL_00493,2026-04-30 09:00:00,BIN_007,Central Campus,153.2,2,True
COL_00494,2026-04-30 09:00:00,BIN_020,South/West Quad,222.5,4,True
COL_00495,2026-04-30 10:00:00,BIN_024,Dining,299.5,5,True
COL_00496,2026-04-30 13:00:00,BIN_025,Dining,325.0,4,True
COL_00497,2026-04-30 16:00:00,BIN_002,Central Campus,299.2,6,True
COL_00498,2026-04-30 16:00:00,BIN_008,Central Campus,310.7,4,True
COL_00499,2026-04-30 16:00:00,BIN_009,Michigan Stadium,340.4,4,True
COL_00500,2026-04-30 18:00:00,BIN_023,Dining,219.1,2,True
COL_00501,2026-04-30 19:00:00,BIN_026,Dining,200.2,2,True
COL_00502,2026-04-30 22:00:00,BIN_034,Library,111.7,2,True
COL_00503,2026-05-01 02:00:00,BIN_035,Library,97.8,2,True
COL_00504,2026-05-01 03:00:00,BIN_022,South/West Quad,298.3,6,True
COL_00505,2026-05-01 06:00:00,BIN_029,North Campus,145.0,5,True
COL_00506,2026-05-01 07:00:00,BIN_021,South/West Quad,304.7,4,True
COL_00507,2026-05-01 07:00:00,BIN_028,North Campus,158.5,4,True
COL_00508,2026-05-01 10:00:00,BIN_017,South/West Quad,114.8,3,True
COL_00509,2026-05-01 10:00:00,BIN_027,Dining,94.9,4,True
COL_00510,2026-05-01 12:00:00,BIN_024,Dining,294.1,3,True
COL_00511,2026-05-01 13:00:00,BIN_033,North Campus,223.8,4,True
COL_00512,2026-05-01 15:00:00,BIN_025,Dining,313.6,3,True
COL_00513,2026-05-01 15:00:00,BIN_032,North Campus,160.6,4,True
COL_00514,2026-05-01 16:00:00,BIN_006,Central Campus,203.7,2,True
COL_00515,2026-05-01 17:00:00,BIN_001,Central Campus,159.7,3,True
COL_00516,2026-05-01 17:00:00,BIN_005,Central Campus,96.8,5,True
COL_00517,2026-05-01 17:00:00,BIN_030,North Campus,285.1,5,True
COL_00518,2026-05-01 17:00:00,BIN_031,North Campus,215.0,6,True
COL_00519,2026-05-01 19:00:00,BIN_023,Dining,229.1,5,True
COL_00520,2026-05-01 19:00:00,BIN_036,Library,188.4,2,True
COL_00521,2026-05-01 21:00:00,BIN_019,South/West Quad,207.4,5,True
COL_00522,2026-05-01 23:00:00,BIN_003,Central Campus,311.3,4,True
COL_00523,2026-05-01 23:00:00,BIN_004,Central Campus,152.8,5,True
COL_00524,2026-05-01 23:00:00,BIN_018,South/West Quad,105.0,4,True
COL_00525,2026-05-02 01:00:00,BIN_026,Dining,223.0,5,True
COL_00526,2026-05-02 02:00:00,BIN_007,Central Campus,147.9,3,True
COL_00527,2026-05-02 03:00:00,BIN_020,South/West Quad,227.7,5,True
COL_00528,2026-05-02 12:00:00,BIN_027,Dining,107.9,4,True
COL_00529,2026-05-02 13:00:00,BIN_024,Dining,316.0,3,True
COL_00530,2026-05-02 16:00:00,BIN_022,South/West Quad,289.3,2,True
COL_00531,2026-05-02 18:00:00,BIN_025,Dining,310.0,6,True
COL_00532,2026-05-02 20:00:00,BIN_023,Dining,206.0,6,True
COL_00533,2026-05-02 23:00:00,BIN_034,Library,111.6,5,True
COL_00534,2026-05-02 23:00:00,BIN_035,Library,115.1,6,True
COL_00535,2026-05-03 02:00:00,BIN_011,Michigan Stadium,199.0,6,True
COL_00536,2026-05-03 05:00:00,BIN_017,South/West Quad,107.8,2,True
COL_00537,2026-05-03 06:00:00,BIN_021,South/West Quad,283.3,6,True
COL_00538,2026-05-03 06:00:00,BIN_026,Dining,222.2,6,True
COL_00539,2026-05-03 10:00:00,BIN_008,Central Campus,332.9,5,True
COL_00540,2026-05-03 13:00:00,BIN_027,Dining,104.7,3,True
COL_00541,2026-05-03 15:00:00,BIN_002,Central Campus,284.0,2,True
COL_00542,2026-05-03 16:00:00,BIN_015,Michigan Stadium,284.2,3,True
COL_00543,2026-05-03 16:00:00,BIN_024,Dining,315.3,4,True
COL_00544,2026-05-03 18:00:00,BIN_019,South/West Quad,216.4,5,True
COL_00545,2026-05-03 19:00:00,BIN_020,South/West Quad,198.8,6,True
COL_00546,2026-05-03 19:00:00,BIN_023,Dining,222.5,5,True
COL_00547,2026-05-03 19:00:00,BIN_036,Library,204.3,5,True
COL_00548,2026-05-03 20:00:00,BIN_025,Dining,295.4,6,True
COL_00549,2026-05-03 21:00:00,BIN_018,South/West Quad,104.0,5,True
COL_00550,2026-05-04 02:00:00,BIN_012,Michigan Stadium,162.2,3,True
COL_00551,2026-05-04 06:00:00,BIN_029,North Campus,142.0,3,True
COL_00552,2026-05-04 09:00:00,BIN_022,South/West Quad,335.1,4,True
COL_00553,2026-05-04 09:00:00,BIN_026,Dining,226.0,6,True
COL_00554,2026-05-04 10:00:00,BIN_028,North Campus,151.9,6,True
COL_00555,2026-05-04 14:00:00,BIN_033,North Campus,202.4,6,True
COL_00556,2026-05-04 15:00:00,BIN_027,Dining,96.6,6,True
COL_00557,2026-05-04 17:00:00,BIN_024,Dining,327.6,2,True
COL_00558,2026-05-04 17:00:00,BIN_032,North Campus,170.6,4,True
COL_00559,2026-05-04 18:00:00,BIN_005,Central Campus,111.3,5,True
COL_00560,2026-05-04 18:00:00,BIN_006,Central Campus,194.8,3,True
COL_00561,2026-05-04 19:00:00,BIN_023,Dining,191.6,3,True
COL_00562,2026-05-04 20:00:00,BIN_004,Central Campus,166.7,4,True
COL_00563,2026-05-04 21:00:00,BIN_001,Central Campus,151.8,3,True
COL_00564,2026-05-04 21:00:00,BIN_021,South/West Quad,301.3,6,True
COL_00565,2026-05-04 22:00:00,BIN_017,South/West Quad,115.2,5,True
COL_00566,2026-05-04 22:00:00,BIN_034,Library,101.2,5,True
COL_00567,2026-05-05 00:00:00,BIN_013,Michigan Stadium,336.8,3,True
COL_00568,2026-05-05 00:00:00,BIN_035,Library,111.1,2,True
COL_00569,2026-05-05 01:00:00,BIN_007,Central Campus,167.0,2,True
COL_00570,2026-05-05 01:00:00,BIN_016,Michigan Stadium,95.5,4,True
COL_00571,2026-05-05 01:00:00,BIN_030,North Campus,341.0,2,True
COL_00572,2026-05-05 04:00:00,BIN_031,North Campus,212.8,2,True
COL_00573,2026-05-05 05:00:00,BIN_003,Central Campus,326.6,4,True
COL_00574,2026-05-05 06:00:00,BIN_025,Dining,283.9,6,True
COL_00575,2026-05-05 10:00:00,BIN_026,Dining,227.3,6,True
COL_00576,2026-05-05 13:00:00,BIN_020,South/West Quad,205.9,6,True
COL_00577,2026-05-05 15:00:00,BIN_008,Central Campus,319.7,2,True
COL_00578,2026-05-05 15:00:00,BIN_019,South/West Quad,216.6,2,True
COL_00579,2026-05-05 16:00:00,BIN_002,Central Campus,340.1,4,True
COL_00580,2026-05-05 16:00:00,BIN_010,Michigan Stadium,213.0,5,True
COL_00581,2026-05-05 17:00:00,BIN_027,Dining,111.3,6,True
COL_00582,2026-05-05 19:00:00,BIN_018,South/West Quad,97.3,5,True
COL_00583,2026-05-05 19:00:00,BIN_024,Dining,290.6,3,True
COL_00584,2026-05-05 20:00:00,BIN_014,Michigan Stadium,335.3,5,True
COL_00585,2026-05-05 21:00:00,BIN_029,North Campus,145.3,6,True
COL_00586,2026-05-05 22:00:00,BIN_036,Library,202.6,2,True
COL_00587,2026-05-06 00:00:00,BIN_023,Dining,189.1,4,True
COL_00588,2026-05-06 04:00:00,BIN_022,South/West Quad,314.8,3,True
COL_00589,2026-05-06 08:00:00,BIN_025,Dining,314.1,5,True
COL_00590,2026-05-06 10:00:00,BIN_028,North Campus,163.6,5,True
COL_00591,2026-05-06 12:00:00,BIN_026,Dining,204.5,6,True
COL_00592,2026-05-06 13:00:00,BIN_033,North Campus,221.3,6,True
COL_00593,2026-05-06 15:00:00,BIN_005,Central Campus,107.1,2,True
COL_00594,2026-05-06 16:00:00,BIN_004,Central Campus,171.7,4,True
COL_00595,2026-05-06 18:00:00,BIN_001,Central Campus,146.8,2,True
COL_00596,2026-05-06 18:00:00,BIN_021,South/West Quad,283.9,3,True
COL_00597,2026-05-06 18:00:00,BIN_027,Dining,98.4,2,True
COL_00598,2026-05-06 18:00:00,BIN_032,North Campus,158.4,3,True
COL_00599,2026-05-06 20:00:00,BIN_017,South/West Quad,95.3,3,True
COL_00600,2026-05-06 21:00:00,BIN_006,Central Campus,214.6,3,True
COL_00601,2026-05-06 21:00:00,BIN_031,North Campus,214.1,6,True
COL_00602,2026-05-06 21:00:00,BIN_034,Library,105.3,5,True
COL_00603,2026-05-06 22:00:00,BIN_035,Library,106.3,4,True
COL_00604,2026-05-07 00:00:00,BIN_009,Michigan Stadium,326.2,3,True
COL_00605,2026-05-07 02:00:00,BIN_024,Dining,282.4,5,True
COL_00606,2026-05-07 05:00:00,BIN_007,Central Campus,172.1,6,True
COL_00607,2026-05-07 06:00:00,BIN_020,South/West Quad,197.5,3,True
COL_00608,2026-05-07 06:00:00,BIN_023,Dining,211.6,2,True
COL_00609,2026-05-07 06:00:00,BIN_030,North Campus,344.7,2,True
COL_00610,2026-05-07 10:00:00,BIN_018,South/West Quad,114.5,2,True
COL_00611,2026-05-07 10:00:00,BIN_025,Dining,314.4,4,True
COL_00612,2026-05-07 11:00:00,BIN_003,Central Campus,289.7,6,True
COL_00613,2026-05-07 11:00:00,BIN_019,South/West Quad,198.0,5,True
COL_00614,2026-05-07 13:00:00,BIN_026,Dining,209.4,5,True
COL_00615,2026-05-07 15:00:00,BIN_002,Central Campus,321.2,4,True
COL_00616,2026-05-07 17:00:00,BIN_008,Central Campus,307.4,2,True
COL_00617,2026-05-07 20:00:00,BIN_027,Dining,94.8,3,True
COL_00618,2026-05-07 21:00:00,BIN_036,Library,230.3,4,True
COL_00619,2026-05-07 23:00:00,BIN_022,South/West Quad,281.8,6,True
COL_00620,2026-05-07 23:00:00,BIN_029,North Campus,167.7,5,True
COL_00621,2026-05-08 01:00:00,BIN_024,Dining,303.2,3,True
COL_00622,2026-05-08 07:00:00,BIN_023,Dining,227.0,5,True
COL_00623,2026-05-08 09:00:00,BIN_025,Dining,280.8,6,True
COL_00624,2026-05-08 09:00:00,BIN_028,North Campus,161.0,4,True
COL_00625,2026-05-08 10:00:00,BIN_021,South/West Quad,336.2,5,True
COL_00626,2026-05-08 12:00:00,BIN_033,North Campus,190.8,4,True
COL_00627,2026-05-08 14:00:00,BIN_017,South/West Quad,98.1,2,True
COL_00628,2026-05-08 15:00:00,BIN_001,Central Campus,166.7,3,True
COL_00629,2026-05-08 15:00:00,BIN_005,Central Campus,105.7,2,True
COL_00630,2026-05-08 16:00:00,BIN_004,Central Campus,153.8,6,True
COL_00631,2026-05-08 16:00:00,BIN_026,Dining,204.9,2,True
COL_00632,2026-05-08 17:00:00,BIN_007,Central Campus,158.5,3,True
COL_00633,2026-05-08 17:00:00,BIN_032,North Campus,150.5,6,True
COL_00634,2026-05-08 18:00:00,BIN_006,Central Campus,211.5,3,True
COL_00635,2026-05-08 18:00:00,BIN_030,North Campus,288.5,5,True
COL_00636,2026-05-08 19:00:00,BIN_034,Library,100.3,2,True
COL_00637,2026-05-08 20:00:00,BIN_031,North Campus,229.8,5,True
COL_00638,2026-05-08 21:00:00,BIN_035,Library,101.1,6,True
COL_00639,2026-05-08 22:00:00,BIN_027,Dining,111.4,2,True
COL_00640,2026-05-08 23:00:00,BIN_020,South/West Quad,226.1,2,True
COL_00641,2026-05-09 03:00:00,BIN_019,South/West Quad,203.4,6,True
COL_00642,2026-05-09 03:00:00,BIN_024,Dining,315.2,2,True
COL_00643,2026-05-09 08:00:00,BIN_011,Michigan Stadium,221.7,2,True
COL_00644,2026-05-09 09:00:00,BIN_023,Dining,217.3,3,True
COL_00645,2026-05-09 11:00:00,BIN_003,Central Campus,291.9,6,True
COL_00646,2026-05-09 11:00:00,BIN_018,South/West Quad,111.7,5,True
COL_00647,2026-05-09 11:00:00,BIN_025,Dining,315.3,5,True
COL_00648,2026-05-09 18:00:00,BIN_012,Michigan Stadium,144.5,5,True
COL_00649,2026-05-09 18:00:00,BIN_026,Dining,187.9,3,True
COL_00650,2026-05-09 20:00:00,BIN_022,South/West Quad,338.7,5,True
COL_00651,2026-05-09 22:00:00,BIN_027,Dining,103.6,5,True
COL_00652,2026-05-10 01:00:00,BIN_021,South/West Quad,314.4,4,True
COL_00653,2026-05-10 01:00:00,BIN_036,Library,192.5,2,True
COL_00654,2026-05-10 06:00:00,BIN_015,Michigan Stadium,310.7,3,True
COL_00655,2026-05-10 06:00:00,BIN_024,Dining,335.5,6,True
COL_00656,2026-05-10 08:00:00,BIN_017,South/West Quad,98.2,3,True
COL_00657,2026-05-10 12:00:00,BIN_023,Dining,206.2,4,True
COL_00658,2026-05-10 13:00:00,BIN_025,Dining,282.6,6,True
COL_00659,2026-05-10 14:00:00,BIN_002,Central Campus,298.5,5,True
COL_00660,2026-05-10 14:00:00,BIN_008,Central Campus,339.0,4,True
COL_00661,2026-05-10 17:00:00,BIN_034,Library,96.8,3,True
COL_00662,2026-05-10 19:00:00,BIN_020,South/West Quad,221.5,4,True
COL_00663,2026-05-10 20:00:00,BIN_019,South/West Quad,216.5,6,True
COL_00664,2026-05-10 20:00:00,BIN_035,Library,102.4,3,True
COL_00665,2026-05-10 21:00:00,BIN_026,Dining,200.7,3,True
COL_00666,2026-05-11 00:00:00,BIN_013,Michigan Stadium,297.4,3,True
COL_00667,2026-05-11 02:00:00,BIN_027,Dining,112.7,5,True
COL_00668,2026-05-11 05:00:00,BIN_029,North Campus,170.4,5,True
COL_00669,2026-05-11 07:00:00,BIN_016,Michigan Stadium,107.1,6,True
COL_00670,2026-05-11 09:00:00,BIN_018,South/West Quad,113.0,2,True
COL_00671,2026-05-11 09:00:00,BIN_024,Dining,339.5,5,True
COL_00672,2026-05-11 12:00:00,BIN_028,North Campus,162.5,5,True
COL_00673,2026-05-11 14:00:00,BIN_023,Dining,226.9,2,True
COL_00674,2026-05-11 14:00:00,BIN_033,North Campus,197.6,2,True
COL_00675,2026-05-11 15:00:00,BIN_005,Central Campus,95.6,4,True
COL_00676,2026-05-11 16:00:00,BIN_004,Central Campus,167.6,3,True
COL_00677,2026-05-11 17:00:00,BIN_025,Dining,310.4,5,True
COL_00678,2026-05-11 18:00:00,BIN_007,Central Campus,162.1,6,True
COL_00679,2026-05-11 19:00:00,BIN_022,South/West Quad,333.0,6,True
COL_00680,2026-05-11 20:00:00,BIN_021,South/West Quad,325.7,2,True
COL_00681,2026-05-11 21:00:00,BIN_001,Central Campus,146.2,2,True
COL_00682,2026-05-11 22:00:00,BIN_010,Michigan Stadium,214.9,2,True
COL_00683,2026-05-11 22:00:00,BIN_032,North Campus,157.5,4,True
COL_00684,2026-05-11 22:00:00,BIN_036,Library,221.1,2,True
COL_00685,2026-05-12 00:00:00,BIN_017,South/West Quad,108.0,6,True
COL_00686,2026-05-12 01:00:00,BIN_026,Dining,203.6,5,True
COL_00687,2026-05-12 02:00:00,BIN_031,North Campus,203.8,4,True
COL_00688,2026-05-12 03:00:00,BIN_027,Dining,113.5,2,True
COL_00689,2026-05-12 05:00:00,BIN_006,Central Campus,205.4,5,True
COL_00690,2026-05-12 05:00:00,BIN_030,North Campus,343.8,2,True
COL_00691,2026-05-12 08:00:00,BIN_009,Michigan Stadium,330.4,3,True
COL_00692,2026-05-12 09:00:00,BIN_003,Central Campus,320.1,5,True
COL_00693,2026-05-12 09:00:00,BIN_014,Michigan Stadium,342.4,3,True
COL_00694,2026-05-12 11:00:00,BIN_024,Dining,316.6,4,True
COL_00695,2026-05-12 15:00:00,BIN_020,South/West Quad,193.4,2,True
COL_00696,2026-05-12 17:00:00,BIN_008,Central Campus,335.1,6,True
COL_00697,2026-05-12 17:00:00,BIN_023,Dining,190.1,6,True
COL_00698,2026-05-12 18:00:00,BIN_019,South/West Quad,200.5,5,True
COL_00699,2026-05-12 18:00:00,BIN_025,Dining,304.7,6,True
COL_00700,2026-05-12 19:00:00,BIN_002,Central Campus,295.8,4,True
COL_00701,2026-05-12 19:00:00,BIN_029,North Campus,172.3,6,True
COL_00702,2026-05-12 19:00:00,BIN_034,Library,97.4,6,True
COL_00703,2026-05-12 21:00:00,BIN_035,Library,107.2,6,True
COL_00704,2026-05-13 03:00:00,BIN_018,South/West Quad,93.6,4,True
COL_00705,2026-05-13 03:00:00,BIN_027,Dining,103.5,2,True
COL_00706,2026-05-13 04:00:00,BIN_026,Dining,227.0,5,True
COL_00707,2026-05-13 12:00:00,BIN_033,North Campus,214.6,4,True
COL_00708,2026-05-13 13:00:00,BIN_004,Central Campus,172.3,3,True
COL_00709,2026-05-13 13:00:00,BIN_021,South/West Quad,294.2,6,True
COL_00710,2026-05-13 13:00:00,BIN_024,Dining,293.8,6,True
COL_00711,2026-05-13 13:00:00,BIN_028,North Campus,162.9,4,True
COL_00712,2026-05-13 16:00:00,BIN_005,Central Campus,111.2,3,True
COL_00713,2026-05-13 16:00:00,BIN_022,South/West Quad,320.1,5,True
COL_00714,2026-05-13 17:00:00,BIN_001,Central Campus,166.2,6,True
COL_00715,2026-05-13 17:00:00,BIN_007,Central Campus,153.7,2,True
COL_00716,2026-05-13 17:00:00,BIN_017,South/West Quad,105.3,4,True
COL_00717,2026-05-13 17:00:00,BIN_032,North Campus,170.4,5,True
COL_00718,2026-05-13 18:00:00,BIN_023,Dining,193.4,5,True
COL_00719,2026-05-13 19:00:00,BIN_025,Dining,344.7,3,True
COL_00720,2026-05-13 22:00:00,BIN_030,North Campus,318.3,2,True
COL_00721,2026-05-13 23:00:00,BIN_036,Library,192.4,5,True
COL_00722,2026-05-14 00:00:00,BIN_003,Central Campus,312.3,3,True
COL_00723,2026-05-14 03:00:00,BIN_031,North Campus,219.5,5,True
COL_00724,2026-05-14 08:00:00,BIN_026,Dining,211.8,5,True
COL_00725,2026-05-14 08:00:00,BIN_027,Dining,110.4,4,True
COL_00726,2026-05-14 09:00:00,BIN_020,South/West Quad,193.9,6,True
COL_00727,2026-05-14 10:00:00,BIN_019,South/West Quad,213.7,2,True
COL_00728,2026-05-14 12:00:00,BIN_006,Central Campus,201.3,2,True
COL_00729,2026-05-14 17:00:00,BIN_002,Central Campus,289.2,5,True
COL_00730,2026-05-14 17:00:00,BIN_008,Central Campus,296.5,2,True
COL_00731,2026-05-14 17:00:00,BIN_024,Dining,297.7,2,True
COL_00732,2026-05-14 18:00:00,BIN_029,North Campus,172.8,2,True
COL_00733,2026-05-14 19:00:00,BIN_023,Dining,206.1,4,True
COL_00734,2026-05-14 20:00:00,BIN_018,South/West Quad,95.6,4,True
COL_00735,2026-05-14 20:00:00,BIN_034,Library,102.7,6,True
COL_00736,2026-05-14 21:00:00,BIN_035,Library,113.4,4,True
COL_00737,2026-05-15 01:00:00,BIN_025,Dining,286.4,3,True
COL_00738,2026-05-15 06:00:00,BIN_011,Michigan Stadium,214.6,3,True
COL_00739,2026-05-15 07:00:00,BIN_017,South/West Quad,112.4,2,True
COL_00740,2026-05-15 08:00:00,BIN_022,South/West Quad,291.7,2,True
COL_00741,2026-05-15 10:00:00,BIN_021,South/West Quad,323.5,5,True
COL_00742,2026-05-15 10:00:00,BIN_033,North Campus,204.7,2,True
COL_00743,2026-05-15 11:00:00,BIN_027,Dining,93.7,3,True
COL_00744,2026-05-15 12:00:00,BIN_012,Michigan Stadium,153.5,2,True
COL_00745,2026-05-15 12:00:00,BIN_026,Dining,224.9,5,True
COL_00746,2026-05-15 13:00:00,BIN_004,Central Campus,147.2,2,True
COL_00747,2026-05-15 14:00:00,BIN_001,Central Campus,143.2,6,True
COL_00748,2026-05-15 15:00:00,BIN_028,North Campus,148.2,2,True
COL_00749,2026-05-15 16:00:00,BIN_005,Central Campus,105.3,3,True
COL_00750,2026-05-15 16:00:00,BIN_007,Central Campus,171.9,6,True
COL_00751,2026-05-15 17:00:00,BIN_030,North Campus,345.3,4,True
COL_00752,2026-05-15 17:00:00,BIN_032,North Campus,170.4,4,True
COL_00753,2026-05-15 18:00:00,BIN_024,Dining,321.9,5,True
COL_00754,2026-05-15 20:00:00,BIN_003,Central Campus,321.6,6,True
COL_00755,2026-05-15 21:00:00,BIN_023,Dining,213.1,4,True
COL_00756,2026-05-16 00:00:00,BIN_031,North Campus,195.3,5,True
COL_00757,2026-05-16 01:00:00,BIN_019,South/West Quad,216.4,6,True
COL_00758,2026-05-16 02:00:00,BIN_020,South/West Quad,218.4,6,True
COL_00759,2026-05-16 03:00:00,BIN_025,Dining,313.2,5,True
COL_00760,2026-05-16 03:00:00,BIN_036,Library,207.5,3,True
COL_00761,2026-05-16 12:00:00,BIN_027,Dining,107.6,4,True
COL_00762,2026-05-16 13:00:00,BIN_006,Central Campus,193.8,5,True
COL_00763,2026-05-16 13:00:00,BIN_018,South/West Quad,101.8,3,True
COL_00764,2026-05-16 15:00:00,BIN_026,Dining,226.8,3,True
COL_00765,2026-05-16 17:00:00,BIN_015,Michigan Stadium,334.2,4,True
COL_00766,2026-05-16 19:00:00,BIN_034,Library,111.5,3,True
COL_00767,2026-05-16 20:00:00,BIN_024,Dining,305.9,4,True
COL_00768,2026-05-16 23:00:00,BIN_023,Dining,200.6,2,True
COL_00769,2026-05-16 23:00:00,BIN_035,Library,108.7,5,True
COL_00770,2026-05-17 00:00:00,BIN_017,South/West Quad,96.6,4,True
COL_00771,2026-05-17 03:00:00,BIN_016,Michigan Stadium,103.5,2,True
COL_00772,2026-05-17 04:00:00,BIN_013,Michigan Stadium,336.5,3,True
COL_00773,2026-05-17 04:00:00,BIN_025,Dining,335.5,6,True
COL_00774,2026-05-17 06:00:00,BIN_022,South/West Quad,286.5,3,True
COL_00775,2026-05-17 08:00:00,BIN_021,South/West Quad,338.5,4,True
COL_00776,2026-05-17 11:00:00,BIN_008,Central Campus,333.5,3,True
COL_00777,2026-05-17 12:00:00,BIN_010,Michigan Stadium,224.1,2,True
COL_00778,2026-05-17 13:00:00,BIN_014,Michigan Stadium,331.8,4,True
COL_00779,2026-05-17 13:00:00,BIN_027,Dining,106.6,5,True
COL_00780,2026-05-17 16:00:00,BIN_009,Michigan Stadium,345.5,5,True
COL_00781,2026-05-17 17:00:00,BIN_002,Central Campus,289.6,5,True
COL_00782,2026-05-17 17:00:00,BIN_026,Dining,193.9,5,True
COL_00783,2026-05-17 20:00:00,BIN_029,North Campus,171.3,2,True
COL_00784,2026-05-17 21:00:00,BIN_020,South/West Quad,190.8,6,True
COL_00785,2026-05-18 02:00:00,BIN_019,South/West Quad,229.9,2,True
COL_00786,2026-05-18 02:00:00,BIN_024,Dining,321.1,4,True
COL_00787,2026-05-18 03:00:00,BIN_025,Dining,325.6,4,True
COL_00788,2026-05-18 04:00:00,BIN_036,Library,205.6,6,True
COL_00789,2026-05-18 06:00:00,BIN_023,Dining,209.6,2,True
COL_00790,2026-05-18 08:00:00,BIN_033,North Campus,201.3,3,True
COL_00791,2026-05-18 12:00:00,BIN_018,South/West Quad,100.7,4,True
COL_00792,2026-05-18 15:00:00,BIN_004,Central Campus,167.9,3,True
COL_00793,2026-05-18 15:00:00,BIN_007,Central Campus,145.1,2,True
COL_00794,2026-05-18 16:00:00,BIN_028,North Campus,162.5,2,True
COL_00795,2026-05-18 17:00:00,BIN_001,Central Campus,162.5,4,True
COL_00796,2026-05-18 17:00:00,BIN_032,North Campus,171.3,5,True
COL_00797,2026-05-18 18:00:00,BIN_005,Central Campus,105.7,4,True
COL_00798,2026-05-18 18:00:00,BIN_027,Dining,94.6,6,True
COL_00799,2026-05-18 19:00:00,BIN_026,Dining,227.6,6,True
COL_00800,2026-05-18 19:00:00,BIN_034,Library,109.2,6,True
COL_00801,2026-05-18 20:00:00,BIN_017,South/West Quad,107.2,5,True
COL_00802,2026-05-18 21:00:00,BIN_003,Central Campus,293.8,4,True
COL_00803,2026-05-18 22:00:00,BIN_022,South/West Quad,309.1,3,True
COL_00804,2026-05-19 00:00:00,BIN_030,North Campus,317.5,2,True
COL_00805,2026-05-19 00:00:00,BIN_035,Library,95.1,5,True
COL_00806,2026-05-19 02:00:00,BIN_012,Michigan Stadium,145.8,4,True
COL_00807,2026-05-19 03:00:00,BIN_025,Dining,303.4,4,True
COL_00808,2026-05-19 03:00:00,BIN_031,North Campus,194.0,2,True
COL_00809,2026-05-19 04:00:00,BIN_021,South/West Quad,303.2,2,True
COL_00810,2026-05-19 04:00:00,BIN_024,Dining,339.7,2,True
COL_00811,2026-05-19 08:00:00,BIN_023,Dining,200.7,6,True
COL_00812,2026-05-19 09:00:00,BIN_011,Michigan Stadium,194.9,3,True
COL_00813,2026-05-19 10:00:00,BIN_006,Central Campus,229.6,5,True
COL_00814,2026-05-19 16:00:00,BIN_008,Central Campus,296.5,5,True
COL_00815,2026-05-19 16:00:00,BIN_020,South/West Quad,188.2,4,True
COL_00816,2026-05-19 19:00:00,BIN_027,Dining,107.4,3,True
COL_00817,2026-05-19 19:00:00,BIN_029,North Campus,158.4,5,True
COL_00818,2026-05-19 21:00:00,BIN_002,Central Campus,345.5,5,True
COL_00819,2026-05-19 21:00:00,BIN_026,Dining,203.7,4,True
COL_00820,2026-05-20 00:00:00,BIN_036,Library,190.0,3,True
COL_00821,2026-05-20 02:00:00,BIN_019,South/West Quad,200.9,3,True
COL_00822,2026-05-20 04:00:00,BIN_025,Dining,315.6,6,True
COL_00823,2026-05-20 05:00:00,BIN_033,North Campus,192.7,2,True
COL_00824,2026-05-20 07:00:00,BIN_024,Dining,283.4,6,True
COL_00825,2026-05-20 08:00:00,BIN_018,South/West Quad,97.2,6,True
COL_00826,2026-05-20 11:00:00,BIN_004,Central Campus,143.2,4,True
COL_00827,2026-05-20 11:00:00,BIN_023,Dining,206.8,2,True
COL_00828,2026-05-20 13:00:00,BIN_017,South/West Quad,98.4,2,True
COL_00829,2026-05-20 15:00:00,BIN_001,Central Campus,154.4,2,True
COL_00830,2026-05-20 15:00:00,BIN_003,Central Campus,326.5,5,True
COL_00831,2026-05-20 16:00:00,BIN_007,Central Campus,161.6,6,True
COL_00832,2026-05-20 16:00:00,BIN_028,North Campus,151.6,4,True
COL_00833,2026-05-20 16:00:00,BIN_032,North Campus,153.5,3,True
COL_00834,2026-05-20 17:00:00,BIN_034,Library,109.1,5,True
COL_00835,2026-05-20 18:00:00,BIN_005,Central Campus,105.8,5,True
COL_00836,2026-05-20 18:00:00,BIN_016,Michigan Stadium,105.2,4,True
COL_00837,2026-05-20 18:00:00,BIN_022,South/West Quad,314.9,5,True
COL_00838,2026-05-20 19:00:00,BIN_013,Michigan Stadium,323.1,2,True
COL_00839,2026-05-20 19:00:00,BIN_027,Dining,109.9,2,True
COL_00840,2026-05-20 19:00:00,BIN_030,North Campus,305.6,2,True
COL_00841,2026-05-20 19:00:00,BIN_035,Library,107.2,4,True
COL_00842,2026-05-20 20:00:00,BIN_015,Michigan Stadium,307.3,4,True
COL_00843,2026-05-20 21:00:00,BIN_021,South/West Quad,285.7,3,True
COL_00844,2026-05-20 21:00:00,BIN_031,North Campus,201.6,3,True
COL_00845,2026-05-21 04:00:00,BIN_026,Dining,188.4,6,True
COL_00846,2026-05-21 06:00:00,BIN_006,Central Campus,209.4,6,True
COL_00847,2026-05-21 07:00:00,BIN_025,Dining,331.4,4,True
COL_00848,2026-05-21 08:00:00,BIN_020,South/West Quad,188.8,5,True
COL_00849,2026-05-21 08:00:00,BIN_024,Dining,303.3,3,True
COL_00850,2026-05-21 11:00:00,BIN_023,Dining,214.5,6,True
COL_00851,2026-05-21 14:00:00,BIN_008,Central Campus,340.6,5,True
COL_00852,2026-05-21 15:00:00,BIN_010,Michigan Stadium,228.1,6,True
COL_00853,2026-05-21 16:00:00,BIN_029,North Campus,153.7,6,True
COL_00854,2026-05-21 16:00:00,BIN_036,Library,229.0,6,True
COL_00855,2026-05-21 18:00:00,BIN_033,North Campus,191.4,6,True
COL_00856,2026-05-21 20:00:00,BIN_027,Dining,110.3,6,True
COL_00857,2026-05-21 21:00:00,BIN_002,Central Campus,292.4,3,True
COL_00858,2026-05-21 23:00:00,BIN_018,South/West Quad,107.1,3,True
COL_00859,2026-05-21 23:00:00,BIN_019,South/West Quad,215.8,4,True
COL_00860,2026-05-22 08:00:00,BIN_017,South/West Quad,104.9,6,True
COL_00861,2026-05-22 08:00:00,BIN_025,Dining,325.8,2,True
COL_00862,2026-05-22 09:00:00,BIN_024,Dining,294.8,2,True
COL_00863,2026-05-22 10:00:00,BIN_022,South/West Quad,332.3,3,True
COL_00864,2026-05-22 10:00:00,BIN_026,Dining,213.1,2,True
COL_00865,2026-05-22 13:00:00,BIN_004,Central Campus,172.7,6,True
COL_00866,2026-05-22 13:00:00,BIN_023,Dining,217.0,4,True
COL_00867,2026-05-22 14:00:00,BIN_034,Library,99.1,4,True
COL_00868,2026-05-22 15:00:00,BIN_001,Central Campus,161.3,3,True
COL_00869,2026-05-22 15:00:00,BIN_003,Central Campus,306.3,5,True
COL_00870,2026-05-22 15:00:00,BIN_014,Michigan Stadium,288.6,2,True
COL_00871,2026-05-22 16:00:00,BIN_005,Central Campus,106.2,5,True
COL_00872,2026-05-22 16:00:00,BIN_028,North Campus,148.4,3,True
COL_00873,2026-05-22 16:00:00,BIN_030,North Campus,335.0,6,True
COL_00874,2026-05-22 17:00:00,BIN_006,Central Campus,191.8,6,True
COL_00875,2026-05-22 17:00:00,BIN_007,Central Campus,171.3,4,True
COL_00876,2026-05-22 17:00:00,BIN_009,Michigan Stadium,319.6,5,True
COL_00877,2026-05-22 17:00:00,BIN_032,North Campus,157.1,3,True
COL_00878,2026-05-22 20:00:00,BIN_021,South/West Quad,335.3,4,True
COL_00879,2026-05-22 20:00:00,BIN_035,Library,103.8,2,True
COL_00880,2026-05-22 21:00:00,BIN_031,North Campus,218.8,4,True
COL_00881,2026-05-22 23:00:00,BIN_020,South/West Quad,220.0,2,True
COL_00882,2026-05-23 02:00:00,BIN_027,Dining,98.2,6,True
COL_00883,2026-05-23 10:00:00,BIN_024,Dining,321.6,4,True
COL_00884,2026-05-23 11:00:00,BIN_025,Dining,280.9,6,True
COL_00885,2026-05-23 11:00:00,BIN_026,Dining,215.1,6,True
COL_00886,2026-05-23 13:00:00,BIN_036,Library,195.5,4,True
COL_00887,2026-05-23 17:00:00,BIN_023,Dining,205.2,6,True
COL_00888,2026-05-23 19:00:00,BIN_019,South/West Quad,217.1,5,True
COL_00889,2026-05-23 20:00:00,BIN_008,Central Campus,313.7,5,True
COL_00890,2026-05-23 21:00:00,BIN_018,South/West Quad,107.8,5,True
COL_00891,2026-05-24 02:00:00,BIN_027,Dining,103.6,5,True
COL_00892,2026-05-24 05:00:00,BIN_022,South/West Quad,294.2,6,True
COL_00893,2026-05-24 06:00:00,BIN_002,Central Campus,322.7,5,True
COL_00894,2026-05-24 07:00:00,BIN_017,South/West Quad,111.6,3,True
COL_00895,2026-05-24 12:00:00,BIN_024,Dining,337.7,6,True
COL_00896,2026-05-24 12:00:00,BIN_025,Dining,281.2,5,True
COL_00897,2026-05-24 14:00:00,BIN_026,Dining,204.1,4,True
COL_00898,2026-05-24 14:00:00,BIN_034,Library,105.2,2,True
COL_00899,2026-05-24 18:00:00,BIN_021,South/West Quad,341.2,2,True
COL_00900,2026-05-24 18:00:00,BIN_023,Dining,222.0,6,True
COL_00901,2026-05-24 19:00:00,BIN_035,Library,106.9,3,True
COL_00902,2026-05-24 20:00:00,BIN_020,South/West Quad,214.0,5,True
COL_00903,2026-05-24 21:00:00,BIN_029,North Campus,169.1,2,True
COL_00904,2026-05-24 23:00:00,BIN_033,North Campus,210.1,6,True
COL_00905,2026-05-25 03:00:00,BIN_027,Dining,109.3,3,True
COL_00906,2026-05-25 06:00:00,BIN_012,Michigan Stadium,145.9,4,True
COL_00907,2026-05-25 12:00:00,BIN_004,Central Campus,149.4,3,True
COL_00908,2026-05-25 12:00:00,BIN_019,South/West Quad,193.9,4,True
COL_00909,2026-05-25 13:00:00,BIN_003,Central Campus,343.9,2,True
COL_00910,2026-05-25 13:00:00,BIN_025,Dining,284.0,3,True
COL_00911,2026-05-25 13:00:00,BIN_028,North Campus,163.8,6,True
COL_00912,2026-05-25 14:00:00,BIN_001,Central Campus,157.9,3,True
COL_00913,2026-05-25 14:00:00,BIN_018,South/West Quad,114.9,4,True
COL_00914,2026-05-25 14:00:00,BIN_024,Dining,318.2,2,True
COL_00915,2026-05-25 15:00:00,BIN_005,Central Campus,96.9,4,True
COL_00916,2026-05-25 15:00:00,BIN_026,Dining,198.6,2,True
COL_00917,2026-05-25 15:00:00,BIN_036,Library,199.4,4,True
COL_00918,2026-05-25 17:00:00,BIN_030,North Campus,319.3,6,True
COL_00919,2026-05-25 18:00:00,BIN_011,Michigan Stadium,213.0,4,True
COL_00920,2026-05-25 19:00:00,BIN_006,Central Campus,211.9,4,True
COL_00921,2026-05-25 19:00:00,BIN_007,Central Campus,147.0,6,True
COL_00922,2026-05-25 21:00:00,BIN_022,South/West Quad,290.0,6,True
COL_00923,2026-05-25 21:00:00,BIN_023,Dining,207.5,2,True
COL_00924,2026-05-25 21:00:00,BIN_031,North Campus,228.1,4,True
COL_00925,2026-05-26 00:00:00,BIN_017,South/West Quad,108.1,2,True
COL_00926,2026-05-26 03:00:00,BIN_032,North Campus,153.4,4,True
COL_00927,2026-05-26 08:00:00,BIN_016,Michigan Stadium,96.0,2,True
COL_00928,2026-05-26 08:00:00,BIN_027,Dining,107.3,4,True
COL_00929,2026-05-26 09:00:00,BIN_021,South/West Quad,296.5,2,True
COL_00930,2026-05-26 11:00:00,BIN_008,Central Campus,324.2,5,True
COL_00931,2026-05-26 11:00:00,BIN_020,South/West Quad,221.3,5,True
COL_00932,2026-05-26 14:00:00,BIN_002,Central Campus,322.5,3,True
COL_00933,2026-05-26 14:00:00,BIN_034,Library,106.9,4,True
COL_00934,2026-05-26 16:00:00,BIN_013,Michigan Stadium,337.1,4,True
COL_00935,2026-05-26 16:00:00,BIN_024,Dining,327.5,3,True
COL_00936,2026-05-26 17:00:00,BIN_025,Dining,345.3,2,True
COL_00937,2026-05-26 18:00:00,BIN_026,Dining,224.4,5,True
COL_00938,2026-05-26 20:00:00,BIN_033,North Campus,227.4,6,True
COL_00939,2026-05-26 21:00:00,BIN_029,North Campus,161.1,4,True
COL_00940,2026-05-26 23:00:00,BIN_035,Library,112.4,5,True
COL_00941,2026-05-27 01:00:00,BIN_015,Michigan Stadium,341.7,4,True
COL_00942,2026-05-27 02:00:00,BIN_023,Dining,217.2,2,True
COL_00943,2026-05-27 07:00:00,BIN_019,South/West Quad,214.3,4,True
COL_00944,2026-05-27 10:00:00,BIN_004,Central Campus,147.0,5,True
COL_00945,2026-05-27 11:00:00,BIN_022,South/West Quad,293.8,6,True
COL_00946,2026-05-27 11:00:00,BIN_027,Dining,104.9,2,True
COL_00947,2026-05-27 13:00:00,BIN_003,Central Campus,287.0,2,True
COL_00948,2026-05-27 13:00:00,BIN_010,Michigan Stadium,215.3,6,True
COL_00949,2026-05-27 13:00:00,BIN_018,South/West Quad,108.1,2,True
COL_00950,2026-05-27 14:00:00,BIN_028,North Campus,155.3,3,True
COL_00951,2026-05-27 14:00:00,BIN_030,North Campus,315.7,4,True
COL_00952,2026-05-27 15:00:00,BIN_001,Central Campus,166.9,5,True
COL_00953,2026-05-27 15:00:00,BIN_005,Central Campus,111.1,3,True
COL_00954,2026-05-27 15:00:00,BIN_036,Library,204.9,5,True
COL_00955,2026-05-27 17:00:00,BIN_007,Central Campus,168.0,6,True
COL_00956,2026-05-27 18:00:00,BIN_024,Dining,332.0,3,True
COL_00957,2026-05-27 18:00:00,BIN_025,Dining,283.9,4,True
COL_00958,2026-05-27 19:00:00,BIN_026,Dining,222.6,5,True
COL_00959,2026-05-27 20:00:00,BIN_031,North Campus,228.5,6,True
COL_00960,2026-05-27 21:00:00,BIN_006,Central Campus,229.4,6,True
COL_00961,2026-05-27 22:00:00,BIN_017,South/West Quad,98.2,2,True
COL_00962,2026-05-28 01:00:00,BIN_032,North Campus,165.2,5,True
COL_00963,2026-05-28 03:00:00,BIN_023,Dining,198.8,4,True
COL_00964,2026-05-28 04:00:00,BIN_020,South/West Quad,222.7,3,True
COL_00965,2026-05-28 05:00:00,BIN_021,South/West Quad,341.8,5,True
COL_00966,2026-05-28 10:00:00,BIN_008,Central Campus,288.4,2,True
COL_00967,2026-05-28 13:00:00,BIN_002,Central Campus,331.6,4,True
COL_00968,2026-05-28 13:00:00,BIN_027,Dining,114.5,6,True
COL_00969,2026-05-28 15:00:00,BIN_034,Library,108.9,3,True
COL_00970,2026-05-28 17:00:00,BIN_009,Michigan Stadium,296.4,6,True
COL_00971,2026-05-28 19:00:00,BIN_014,Michigan Stadium,325.0,2,True
COL_00972,2026-05-28 19:00:00,BIN_025,Dining,286.8,2,True
COL_00973,2026-05-28 20:00:00,BIN_024,Dining,297.9,2,True
COL_00974,2026-05-28 20:00:00,BIN_029,North Campus,153.1,6,True
COL_00975,2026-05-29 00:00:00,BIN_035,Library,105.3,2,True
COL_00976,2026-05-29 01:00:00,BIN_026,Dining,228.5,2,True
COL_00977,2026-05-29 02:00:00,BIN_033,North Campus,199.8,3,True
COL_00978,2026-05-29 03:00:00,BIN_019,South/West Quad,210.9,3,True
COL_00979,2026-05-29 06:00:00,BIN_018,South/West Quad,104.6,2,True
COL_00980,2026-05-29 07:00:00,BIN_023,Dining,212.3,6,True
COL_00981,2026-05-29 10:00:00,BIN_022,South/West Quad,303.9,5,True
COL_00982,2026-05-29 11:00:00,BIN_004,Central Campus,162.5,5,True
COL_00983,2026-05-29 12:00:00,BIN_003,Central Campus,284.9,2,True
COL_00984,2026-05-29 13:00:00,BIN_001,Central Campus,157.7,6,True
COL_00985,2026-05-29 13:00:00,BIN_028,North Campus,143.5,6,True
COL_00986,2026-05-29 14:00:00,BIN_030,North Campus,329.4,5,True
COL_00987,2026-05-29 15:00:00,BIN_005,Central Campus,101.6,2,True
COL_00988,2026-05-29 15:00:00,BIN_031,North Campus,205.2,6,True
COL_00989,2026-05-29 17:00:00,BIN_032,North Campus,171.0,4,True
COL_00990,2026-05-29 17:00:00,BIN_036,Library,205.9,6,True
COL_00991,2026-05-29 18:00:00,BIN_006,Central Campus,197.4,6,True
COL_00992,2026-05-29 18:00:00,BIN_007,Central Campus,163.9,6,True
COL_00993,2026-05-29 18:00:00,BIN_027,Dining,113.6,4,True
COL_00994,2026-05-29 19:00:00,BIN_017,South/West Quad,104.8,4,True
COL_00995,2026-05-29 21:00:00,BIN_024,Dining,289.8,2,True
COL_00996,2026-05-29 22:00:00,BIN_020,South/West Quad,193.4,2,True
COL_00997,2026-05-30 00:00:00,BIN_021,South/West Quad,306.3,5,True
COL_00998,2026-05-30 01:00:00,BIN_008,Central Campus,329.4,2,True
COL_00999,2026-05-30 02:00:00,BIN_025,Dining,301.1,4,True
COL_01000,2026-05-30 06:00:00,BIN_026,Dining,203.3,4,True
COL_01001,2026-05-30 11:00:00,BIN_023,Dining,213.3,3,True
COL_01002,2026-05-30 13:00:00,BIN_034,Library,111.2,3,True
COL_01003,2026-05-30 19:00:00,BIN_027,Dining,111.3,4,True
COL_01004,2026-05-30 19:00:00,BIN_035,Library,95.2,4,True
COL_01005,2026-05-30 21:00:00,BIN_012,Michigan Stadium,164.9,4,True
COL_01006,2026-05-30 23:00:00,BIN_018,South/West Quad,111.3,3,True
COL_01007,2026-05-30 23:00:00,BIN_019,South/West Quad,198.0,2,True
COL_01008,2026-05-31 01:00:00,BIN_002,Central Campus,288.3,3,True
COL_01009,2026-05-31 03:00:00,BIN_024,Dining,280.9,5,True
COL_01010,2026-05-31 05:00:00,BIN_022,South/West Quad,335.1,6,True
COL_01011,2026-05-31 08:00:00,BIN_025,Dining,314.7,3,True
COL_01012,2026-05-31 09:00:00,BIN_026,Dining,229.0,5,True
COL_01013,2026-05-31 10:00:00,BIN_033,North Campus,205.0,5,True
COL_01014,2026-05-31 12:00:00,BIN_023,Dining,193.7,3,True
COL_01015,2026-05-31 16:00:00,BIN_017,South/West Quad,107.0,2,True
COL_01016,2026-05-31 17:00:00,BIN_029,North Campus,165.6,3,True
COL_01017,2026-05-31 19:00:00,BIN_020,South/West Quad,206.6,2,True
COL_01018,2026-05-31 19:00:00,BIN_036,Library,228.4,6,True
COL_01019,2026-05-31 21:00:00,BIN_021,South/West Quad,328.8,4,True
COL_01020,2026-05-31 22:00:00,BIN_027,Dining,114.4,3,True
COL_01021,2026-06-01 04:00:00,BIN_011,Michigan Stadium,198.4,3,True
COL_01022,2026-06-01 05:00:00,BIN_024,Dining,325.0,6,True
COL_01023,2026-06-01 08:00:00,BIN_025,Dining,312.4,4,True
COL_01024,2026-06-01 09:00:00,BIN_028,North Campus,152.8,6,True
COL_01025,2026-06-01 11:00:00,BIN_026,Dining,205.7,6,True
COL_01026,2026-06-01 12:00:00,BIN_004,Central Campus,152.4,5,True
COL_01027,2026-06-01 13:00:00,BIN_023,Dining,224.2,6,True
COL_01028,2026-06-01 13:00:00,BIN_034,Library,111.2,6,True
COL_01029,2026-06-01 14:00:00,BIN_001,Central Campus,144.5,4,True
COL_01030,2026-06-01 14:00:00,BIN_003,Central Campus,305.3,3,True
COL_01031,2026-06-01 14:00:00,BIN_030,North Campus,282.9,5,True
COL_01032,2026-06-01 15:00:00,BIN_031,North Campus,223.7,6,True
COL_01033,2026-06-01 16:00:00,BIN_005,Central Campus,105.1,6,True
COL_01034,2026-06-01 17:00:00,BIN_007,Central Campus,163.3,4,True
COL_01035,2026-06-01 17:00:00,BIN_016,Michigan Stadium,95.1,2,True
COL_01036,2026-06-01 17:00:00,BIN_032,North Campus,147.1,5,True
COL_01037,2026-06-01 18:00:00,BIN_018,South/West Quad,94.3,5,True
COL_01038,2026-06-01 18:00:00,BIN_019,South/West Quad,222.9,3,True
COL_01039,2026-06-01 20:00:00,BIN_006,Central Campus,194.5,2,True
COL_01040,2026-06-01 20:00:00,BIN_035,Library,113.4,3,True
COL_01041,2026-06-01 22:00:00,BIN_013,Michigan Stadium,286.2,5,True
COL_01042,2026-06-02 01:00:00,BIN_022,South/West Quad,281.2,4,True
COL_01043,2026-06-02 01:00:00,BIN_027,Dining,102.7,2,True
COL_01044,2026-06-02 03:00:00,BIN_015,Michigan Stadium,314.6,3,True
COL_01045,2026-06-02 06:00:00,BIN_008,Central Campus,324.7,3,True
COL_01046,2026-06-02 06:00:00,BIN_017,South/West Quad,106.5,4,True
COL_01047,2026-06-02 07:00:00,BIN_024,Dining,336.4,6,True
COL_01048,2026-06-02 08:00:00,BIN_010,Michigan Stadium,212.7,6,True
COL_01049,2026-06-02 11:00:00,BIN_025,Dining,298.5,5,True
COL_01050,2026-06-02 13:00:00,BIN_023,Dining,205.5,3,True
COL_01051,2026-06-02 13:00:00,BIN_026,Dining,203.5,5,True
COL_01052,2026-06-02 13:00:00,BIN_033,North Campus,211.8,4,True
COL_01053,2026-06-02 14:00:00,BIN_002,Central Campus,308.1,3,True
COL_01054,2026-06-02 14:00:00,BIN_020,South/West Quad,212.8,3,True
COL_01055,2026-06-02 16:00:00,BIN_029,North Campus,153.5,2,True
COL_01056,2026-06-02 18:00:00,BIN_036,Library,216.7,5,True
COL_01057,2026-06-02 19:00:00,BIN_021,South/West Quad,314.1,2,True
COL_01058,2026-06-03 04:00:00,BIN_027,Dining,110.9,5,True
COL_01059,2026-06-03 06:00:00,BIN_028,North Campus,166.7,6,True
COL_01060,2026-06-03 08:00:00,BIN_024,Dining,325.5,3,True
COL_01061,2026-06-03 09:00:00,BIN_009,Michigan Stadium,307.0,3,True
COL_01062,2026-06-03 12:00:00,BIN_004,Central Campus,166.9,4,True
COL_01063,2026-06-03 12:00:00,BIN_018,South/West Quad,109.1,6,True
COL_01064,2026-06-03 12:00:00,BIN_025,Dining,319.3,2,True
COL_01065,2026-06-03 13:00:00,BIN_001,Central Campus,142.1,4,True
COL_01066,2026-06-03 13:00:00,BIN_003,Central Campus,325.2,5,True
COL_01067,2026-06-03 13:00:00,BIN_019,South/West Quad,223.8,4,True
COL_01068,2026-06-03 14:00:00,BIN_031,North Campus,228.8,4,True
COL_01069,2026-06-03 14:00:00,BIN_034,Library,109.0,6,True
COL_01070,2026-06-03 15:00:00,BIN_005,Central Campus,98.8,5,True
COL_01071,2026-06-03 16:00:00,BIN_007,Central Campus,162.7,4,True
COL_01072,2026-06-03 16:00:00,BIN_030,North Campus,304.4,6,True
COL_01073,2026-06-03 17:00:00,BIN_006,Central Campus,228.7,2,True
COL_01074,2026-06-03 17:00:00,BIN_008,Central Campus,344.1,4,True
COL_01075,2026-06-03 17:00:00,BIN_026,Dining,204.7,2,True
COL_01076,2026-06-03 18:00:00,BIN_023,Dining,230.2,2,True
COL_01077,2026-06-03 18:00:00,BIN_032,North Campus,148.0,6,True
COL_01078,2026-06-03 20:00:00,BIN_035,Library,94.1,4,True
COL_01079,2026-06-03 23:00:00,BIN_017,South/West Quad,104.0,4,True
COL_01080,2026-06-04 00:00:00,BIN_014,Michigan Stadium,290.4,4,True
COL_01081,2026-06-04 03:00:00,BIN_022,South/West Quad,291.1,4,True
COL_01082,2026-06-04 07:00:00,BIN_027,Dining,108.8,5,True
COL_01083,2026-06-04 08:00:00,BIN_020,South/West Quad,201.0,5,True
COL_01084,2026-06-04 10:00:00,BIN_033,North Campus,218.6,6,True
COL_01085,2026-06-04 11:00:00,BIN_024,Dining,340.7,6,True
COL_01086,2026-06-04 13:00:00,BIN_021,South/West Quad,328.4,6,True
COL_01087,2026-06-04 14:00:00,BIN_002,Central Campus,299.9,3,True
COL_01088,2026-06-04 17:00:00,BIN_025,Dining,303.0,4,True
COL_01089,2026-06-04 17:00:00,BIN_029,North Campus,144.4,4,True
COL_01090,2026-06-04 18:00:00,BIN_026,Dining,218.4,2,True
COL_01091,2026-06-04 18:00:00,BIN_036,Library,227.5,2,True
COL_01092,2026-06-04 22:00:00,BIN_023,Dining,215.4,6,True
COL_01093,2026-06-05 05:00:00,BIN_018,South/West Quad,113.2,2,True
COL_01094,2026-06-05 05:00:00,BIN_028,North Campus,159.3,2,True
COL_01095,2026-06-05 06:00:00,BIN_019,South/West Quad,191.2,5,True
COL_01096,2026-06-05 07:00:00,BIN_027,Dining,103.3,4,True
COL_01097,2026-06-05 11:00:00,BIN_001,Central Campus,147.7,6,True
COL_01098,2026-06-05 12:00:00,BIN_024,Dining,315.4,6,True
COL_01099,2026-06-05 13:00:00,BIN_004,Central Campus,158.0,6,True
COL_01100,2026-06-05 14:00:00,BIN_003,Central Campus,291.7,4,True
COL_01101,2026-06-05 15:00:00,BIN_005,Central Campus,107.4,6,True
COL_01102,2026-06-05 15:00:00,BIN_007,Central Campus,153.8,2,True
COL_01103,2026-06-05 15:00:00,BIN_012,Michigan Stadium,155.6,3,True
COL_01104,2026-06-05 16:00:00,BIN_031,North Campus,206.5,3,True
COL_01105,2026-06-05 17:00:00,BIN_008,Central Campus,292.9,4,True
COL_01106,2026-06-05 17:00:00,BIN_030,North Campus,316.4,2,True
COL_01107,2026-06-05 17:00:00,BIN_032,North Campus,165.1,3,True
COL_01108,2026-06-05 19:00:00,BIN_026,Dining,209.7,6,True
COL_01109,2026-06-05 19:00:00,BIN_034,Library,107.6,5,True
COL_01110,2026-06-05 20:00:00,BIN_017,South/West Quad,105.4,4,True
COL_01111,2026-06-05 20:00:00,BIN_025,Dining,345.0,5,True
COL_01112,2026-06-05 21:00:00,BIN_035,Library,99.1,6,True
COL_01113,2026-06-05 23:00:00,BIN_006,Central Campus,196.1,4,True
COL_01114,2026-06-05 23:00:00,BIN_020,South/West Quad,192.6,4,True
COL_01115,2026-06-06 01:00:00,BIN_022,South/West Quad,331.5,4,True
COL_01116,2026-06-06 01:00:00,BIN_023,Dining,195.5,4,True
COL_01117,2026-06-06 01:00:00,BIN_033,North Campus,220.5,6,True
COL_01118,2026-06-06 08:00:00,BIN_027,Dining,107.0,5,True
COL_01119,2026-06-06 10:00:00,BIN_021,South/West Quad,284.8,4,True
COL_01120,2026-06-06 14:00:00,BIN_024,Dining,281.8,5,True
COL_01121,2026-06-06 19:00:00,BIN_026,Dining,214.9,3,True
COL_01122,2026-06-06 20:00:00,BIN_019,South/West Quad,194.6,6,True
COL_01123,2026-06-06 22:00:00,BIN_018,South/West Quad,106.4,3,True
COL_01124,2026-06-06 23:00:00,BIN_036,Library,190.7,6,True
COL_01125,2026-06-07 04:00:00,BIN_025,Dining,301.0,4,True
COL_01126,2026-06-07 06:00:00,BIN_011,Michigan Stadium,195.3,3,True
COL_01127,2026-06-07 08:00:00,BIN_023,Dining,198.5,4,True
COL_01128,2026-06-07 10:00:00,BIN_002,Central Campus,314.1,6,True
COL_01129,2026-06-07 10:00:00,BIN_027,Dining,102.3,6,True
COL_01130,2026-06-07 12:00:00,BIN_017,South/West Quad,105.9,2,True
COL_01131,2026-06-07 14:00:00,BIN_016,Michigan Stadium,107.6,2,True
COL_01132,2026-06-07 14:00:00,BIN_020,South/West Quad,220.7,3,True
COL_01133,2026-06-07 15:00:00,BIN_009,Michigan Stadium,330.4,5,True
COL_01134,2026-06-07 15:00:00,BIN_013,Michigan Stadium,297.8,6,True
COL_01135,2026-06-07 15:00:00,BIN_015,Michigan Stadium,330.6,4,True
COL_01136,2026-06-07 15:00:00,BIN_024,Dining,324.9,5,True
COL_01137,2026-06-07 17:00:00,BIN_010,Michigan Stadium,190.5,5,True
COL_01138,2026-06-07 17:00:00,BIN_014,Michigan Stadium,294.7,2,True
COL_01139,2026-06-07 18:00:00,BIN_034,Library,98.7,3,True
COL_01140,2026-06-07 21:00:00,BIN_026,Dining,221.1,4,True
COL_01141,2026-06-07 22:00:00,BIN_022,South/West Quad,307.0,4,True
COL_01142,2026-06-07 23:00:00,BIN_035,Library,98.0,3,True
COL_01143,2026-06-08 00:00:00,BIN_029,North Campus,153.5,3,True
COL_01144,2026-06-08 04:00:00,BIN_021,South/West Quad,321.6,4,True
COL_01145,2026-06-08 08:00:00,BIN_025,Dining,321.4,6,True
COL_01146,2026-06-08 08:00:00,BIN_028,North Campus,152.5,5,True
COL_01147,2026-06-08 11:00:00,BIN_023,Dining,196.9,2,True
COL_01148,2026-06-08 11:00:00,BIN_027,Dining,103.6,4,True
COL_01149,2026-06-08 14:00:00,BIN_001,Central Campus,141.6,5,True
COL_01150,2026-06-08 16:00:00,BIN_003,Central Campus,306.4,2,True
COL_01151,2026-06-08 16:00:00,BIN_004,Central Campus,143.8,4,True
COL_01152,2026-06-08 16:00:00,BIN_005,Central Campus,100.1,2,True
COL_01153,2026-06-08 16:00:00,BIN_007,Central Campus,155.6,4,True
COL_01154,2026-06-08 16:00:00,BIN_019,South/West Quad,196.1,6,True
COL_01155,2026-06-08 17:00:00,BIN_024,Dining,281.1,5,True
COL_01156,2026-06-08 18:00:00,BIN_031,North Campus,225.9,3,True
COL_01157,2026-06-08 20:00:00,BIN_018,South/West Quad,96.4,4,True
COL_01158,2026-06-08 20:00:00,BIN_030,North Campus,291.5,3,True
COL_01159,2026-06-08 20:00:00,BIN_036,Library,198.8,2,True
COL_01160,2026-06-08 21:00:00,BIN_008,Central Campus,325.6,5,True
COL_01161,2026-06-09 00:00:00,BIN_026,Dining,222.4,4,True
COL_01162,2026-06-09 00:00:00,BIN_032,North Campus,148.0,5,True
COL_01163,2026-06-09 01:00:00,BIN_033,North Campus,223.8,6,True
COL_01164,2026-06-09 04:00:00,BIN_006,Central Campus,193.4,4,True
COL_01165,2026-06-09 10:00:00,BIN_017,South/West Quad,114.5,6,True
COL_01166,2026-06-09 10:00:00,BIN_020,South/West Quad,210.6,4,True
COL_01167,2026-06-09 11:00:00,BIN_027,Dining,98.6,2,True
COL_01168,2026-06-09 12:00:00,BIN_025,Dining,306.5,2,True
COL_01169,2026-06-09 13:00:00,BIN_023,Dining,206.3,4,True
COL_01170,2026-06-09 16:00:00,BIN_029,North Campus,146.6,3,True
COL_01171,2026-06-09 16:00:00,BIN_034,Library,94.2,3,True
COL_01172,2026-06-09 17:00:00,BIN_002,Central Campus,315.8,4,True
COL_01173,2026-06-09 18:00:00,BIN_012,Michigan Stadium,145.3,4,True
COL_01174,2026-06-09 18:00:00,BIN_024,Dining,305.6,3,True
COL_01175,2026-06-09 19:00:00,BIN_022,South/West Quad,297.1,2,True
COL_01176,2026-06-09 22:00:00,BIN_021,South/West Quad,286.4,6,True
COL_01177,2026-06-10 04:00:00,BIN_026,Dining,198.4,2,True
COL_01178,2026-06-10 05:00:00,BIN_035,Library,114.9,3,True
COL_01179,2026-06-10 09:00:00,BIN_019,South/West Quad,216.1,5,True
COL_01180,2026-06-10 09:00:00,BIN_028,North Campus,168.0,4,True
COL_01181,2026-06-10 12:00:00,BIN_025,Dining,313.2,4,True
COL_01182,2026-06-10 13:00:00,BIN_011,Michigan Stadium,189.7,6,True
COL_01183,2026-06-10 14:00:00,BIN_001,Central Campus,164.4,2,True
COL_01184,2026-06-10 14:00:00,BIN_005,Central Campus,96.7,6,True
COL_01185,2026-06-10 14:00:00,BIN_007,Central Campus,164.6,3,True
COL_01186,2026-06-10 14:00:00,BIN_027,Dining,94.3,2,True
COL_01187,2026-06-10 15:00:00,BIN_004,Central Campus,163.9,4,True
COL_01188,2026-06-10 15:00:00,BIN_018,South/West Quad,110.5,4,True
COL_01189,2026-06-10 16:00:00,BIN_003,Central Campus,326.1,3,True
COL_01190,2026-06-10 16:00:00,BIN_008,Central Campus,314.8,4,True
COL_01191,2026-06-10 17:00:00,BIN_006,Central Campus,222.4,6,True
COL_01192,2026-06-10 17:00:00,BIN_023,Dining,210.5,2,True
COL_01193,2026-06-10 17:00:00,BIN_030,North Campus,290.5,6,True
COL_01194,2026-06-10 17:00:00,BIN_031,North Campus,227.0,6,True
COL_01195,2026-06-10 17:00:00,BIN_032,North Campus,141.4,4,True
COL_01196,2026-06-10 18:00:00,BIN_036,Library,196.6,6,True
COL_01197,2026-06-10 20:00:00,BIN_024,Dining,283.7,5,True
COL_01198,2026-06-11 00:00:00,BIN_033,North Campus,203.3,2,True
COL_01199,2026-06-11 05:00:00,BIN_017,South/West Quad,103.7,6,True
COL_01200,2026-06-11 07:00:00,BIN_020,South/West Quad,191.1,6,True
COL_01201,2026-06-11 07:00:00,BIN_026,Dining,213.0,3,True
COL_01202,2026-06-11 13:00:00,BIN_022,South/West Quad,339.0,6,True
COL_01203,2026-06-11 15:00:00,BIN_002,Central Campus,297.6,5,True
COL_01204,2026-06-11 15:00:00,BIN_025,Dining,307.6,6,True
COL_01205,2026-06-11 15:00:00,BIN_029,North Campus,169.5,6,True
COL_01206,2026-06-11 16:00:00,BIN_027,Dining,97.9,2,True
COL_01207,2026-06-11 16:00:00,BIN_034,Library,114.0,2,True
COL_01208,2026-06-11 18:00:00,BIN_021,South/West Quad,322.7,5,True
COL_01209,2026-06-11 19:00:00,BIN_023,Dining,194.2,4,True
COL_01210,2026-06-11 23:00:00,BIN_035,Library,103.2,5,True
COL_01211,2026-06-12 02:00:00,BIN_024,Dining,322.4,2,True
COL_01212,2026-06-12 03:00:00,BIN_028,North Campus,144.6,2,True
COL_01213,2026-06-12 07:00:00,BIN_016,Michigan Stadium,110.0,2,True
COL_01214,2026-06-12 07:00:00,BIN_026,Dining,206.1,6,True
COL_01215,2026-06-12 10:00:00,BIN_018,South/West Quad,96.1,2,True
COL_01216,2026-06-12 10:00:00,BIN_019,South/West Quad,212.3,4,True
COL_01217,2026-06-12 12:00:00,BIN_007,Central Campus,165.7,4,True
COL_01218,2026-06-12 13:00:00,BIN_001,Central Campus,170.1,5,True
COL_01219,2026-06-12 13:00:00,BIN_004,Central Campus,161.5,6,True
COL_01220,2026-06-12 13:00:00,BIN_005,Central Campus,105.9,3,True
COL_01221,2026-06-12 14:00:00,BIN_003,Central Campus,316.2,5,True
COL_01222,2026-06-12 14:00:00,BIN_015,Michigan Stadium,285.6,3,True
COL_01223,2026-06-12 16:00:00,BIN_008,Central Campus,315.7,3,True
COL_01224,2026-06-12 16:00:00,BIN_025,Dining,323.5,3,True
COL_01225,2026-06-12 17:00:00,BIN_006,Central Campus,202.2,4,True
COL_01226,2026-06-12 17:00:00,BIN_027,Dining,107.2,6,True
COL_01227,2026-06-12 17:00:00,BIN_030,North Campus,344.5,4,True
COL_01228,2026-06-12 17:00:00,BIN_031,North Campus,192.8,5,True
COL_01229,2026-06-12 17:00:00,BIN_033,North Campus,198.5,5,True
COL_01230,2026-06-12 17:00:00,BIN_036,Library,196.2,2,True
COL_01231,2026-06-12 19:00:00,BIN_013,Michigan Stadium,335.6,6,True
COL_01232,2026-06-12 20:00:00,BIN_023,Dining,190.1,2,True
COL_01233,2026-06-12 22:00:00,BIN_017,South/West Quad,106.5,6,True
COL_01234,2026-06-12 22:00:00,BIN_032,North Campus,140.4,5,True
COL_01235,2026-06-13 03:00:00,BIN_020,South/West Quad,226.6,5,True
COL_01236,2026-06-13 05:00:00,BIN_024,Dining,309.7,3,True
COL_01237,2026-06-13 08:00:00,BIN_026,Dining,187.4,5,True
COL_01238,2026-06-13 09:00:00,BIN_022,South/West Quad,311.0,6,True
COL_01239,2026-06-13 10:00:00,BIN_021,South/West Quad,293.2,4,True
COL_01240,2026-06-13 14:00:00,BIN_009,Michigan Stadium,304.1,5,True
COL_01241,2026-06-13 15:00:00,BIN_014,Michigan Stadium,329.8,4,True
COL_01242,2026-06-13 16:00:00,BIN_034,Library,103.8,2,True
COL_01243,2026-06-13 17:00:00,BIN_025,Dining,321.6,6,True
COL_01244,2026-06-13 19:00:00,BIN_027,Dining,110.2,6,True
COL_01245,2026-06-13 21:00:00,BIN_010,Michigan Stadium,212.1,4,True
COL_01246,2026-06-13 23:00:00,BIN_035,Library,114.6,6,True
COL_01247,2026-06-14 01:00:00,BIN_019,South/West Quad,193.2,5,True
COL_01248,2026-06-14 02:00:00,BIN_002,Central Campus,292.9,6,True
COL_01249,2026-06-14 02:00:00,BIN_018,South/West Quad,104.3,5,True
COL_01250,2026-06-14 06:00:00,BIN_023,Dining,191.4,5,True
COL_01251,2026-06-14 07:00:00,BIN_029,North Campus,144.2,6,True
COL_01252,2026-06-14 09:00:00,BIN_024,Dining,331.2,4,True
COL_01253,2026-06-14 11:00:00,BIN_026,Dining,227.1,4,True
COL_01254,2026-06-14 17:00:00,BIN_036,Library,209.9,2,True
COL_01255,2026-06-14 18:00:00,BIN_017,South/West Quad,100.8,6,True
COL_01256,2026-06-14 18:00:00,BIN_025,Dining,344.1,3,True
COL_01257,2026-06-14 19:00:00,BIN_027,Dining,108.3,2,True
COL_01258,2026-06-14 22:00:00,BIN_007,Central Campus,151.8,4,True
COL_01259,2026-06-15 01:00:00,BIN_020,South/West Quad,217.5,3,True
COL_01260,2026-06-15 02:00:00,BIN_022,South/West Quad,301.5,6,True
COL_01261,2026-06-15 05:00:00,BIN_028,North Campus,144.2,2,True
COL_01262,2026-06-15 07:00:00,BIN_021,South/West Quad,300.3,4,True
COL_01263,2026-06-15 08:00:00,BIN_023,Dining,212.8,5,True
COL_01264,2026-06-15 10:00:00,BIN_003,Central Campus,302.2,3,True
COL_01265,2026-06-15 10:00:00,BIN_004,Central Campus,162.6,2,True
COL_01266,2026-06-15 10:00:00,BIN_008,Central Campus,284.7,5,True
COL_01267,2026-06-15 11:00:00,BIN_005,Central Campus,108.0,6,True
COL_01268,2026-06-15 11:00:00,BIN_024,Dining,304.0,4,True
COL_01269,2026-06-15 13:00:00,BIN_026,Dining,198.5,5,True
COL_01270,2026-06-15 14:00:00,BIN_006,Central Campus,222.8,4,True
COL_01271,2026-06-15 15:00:00,BIN_001,Central Campus,156.6,3,True
COL_01272,2026-06-15 15:00:00,BIN_030,North Campus,299.7,6,True
COL_01273,2026-06-15 16:00:00,BIN_032,North Campus,166.3,3,True
COL_01274,2026-06-15 16:00:00,BIN_034,Library,107.7,2,True
COL_01275,2026-06-15 17:00:00,BIN_031,North Campus,192.2,4,True
COL_01276,2026-06-15 17:00:00,BIN_033,North Campus,191.9,6,True
COL_01277,2026-06-15 20:00:00,BIN_025,Dining,338.9,5,True
COL_01278,2026-06-15 20:00:00,BIN_027,Dining,104.8,5,True
COL_01279,2026-06-15 22:00:00,BIN_018,South/West Quad,109.9,6,True
COL_01280,2026-06-15 22:00:00,BIN_019,South/West Quad,198.0,2,True
COL_01281,2026-06-15 23:00:00,BIN_012,Michigan Stadium,147.4,6,True
COL_01282,2026-06-16 01:00:00,BIN_035,Library,107.2,3,True
COL_01283,2026-06-16 05:00:00,BIN_002,Central Campus,337.4,6,True
COL_01284,2026-06-16 10:00:00,BIN_011,Michigan Stadium,196.7,5,True
COL_01285,2026-06-16 11:00:00,BIN_023,Dining,192.3,3,True
COL_01286,2026-06-16 11:00:00,BIN_024,Dining,290.9,5,True
COL_01287,2026-06-16 11:00:00,BIN_029,North Campus,151.3,6,True
COL_01288,2026-06-16 12:00:00,BIN_017,South/West Quad,112.2,2,True
COL_01289,2026-06-16 14:00:00,BIN_028,North Campus,151.2,3,True
COL_01290,2026-06-16 16:00:00,BIN_026,Dining,206.4,3,True
COL_01291,2026-06-16 18:00:00,BIN_007,Central Campus,163.2,2,True
COL_01292,2026-06-16 19:00:00,BIN_036,Library,201.7,4,True
COL_01293,2026-06-16 21:00:00,BIN_021,South/West Quad,342.3,3,True
COL_01294,2026-06-16 21:00:00,BIN_022,South/West Quad,308.7,2,True
COL_01295,2026-06-16 23:00:00,BIN_020,South/West Quad,194.5,3,True
COL_01296,2026-06-17 03:00:00,BIN_027,Dining,100.5,5,True
COL_01297,2026-06-17 05:00:00,BIN_025,Dining,318.6,3,True
COL_01298,2026-06-17 08:00:00,BIN_005,Central Campus,114.4,3,True
COL_01299,2026-06-17 08:00:00,BIN_008,Central Campus,289.8,4,True
COL_01300,2026-06-17 10:00:00,BIN_003,Central Campus,338.8,5,True
COL_01301,2026-06-17 11:00:00,BIN_004,Central Campus,171.0,6,True
COL_01302,2026-06-17 11:00:00,BIN_030,North Campus,327.4,3,True
COL_01303,2026-06-17 11:00:00,BIN_032,North Campus,140.7,3,True
COL_01304,2026-06-17 12:00:00,BIN_023,Dining,211.1,2,True
COL_01305,2026-06-17 13:00:00,BIN_024,Dining,283.0,5,True
COL_01306,2026-06-17 14:00:00,BIN_006,Central Campus,210.4,5,True
COL_01307,2026-06-17 14:00:00,BIN_031,North Campus,211.0,6,True
COL_01308,2026-06-17 15:00:00,BIN_001,Central Campus,172.0,6,True
COL_01309,2026-06-17 15:00:00,BIN_033,North Campus,226.9,5,True
COL_01310,2026-06-17 15:00:00,BIN_034,Library,106.8,5,True
COL_01311,2026-06-17 17:00:00,BIN_018,South/West Quad,106.0,3,True
COL_01312,2026-06-17 17:00:00,BIN_026,Dining,196.8,4,True
COL_01313,2026-06-17 18:00:00,BIN_002,Central Campus,341.1,6,True
COL_01314,2026-06-17 19:00:00,BIN_019,South/West Quad,205.2,4,True
COL_01315,2026-06-17 21:00:00,BIN_035,Library,112.3,5,True
COL_01316,2026-06-18 05:00:00,BIN_027,Dining,107.1,6,True
COL_01317,2026-06-18 06:00:00,BIN_017,South/West Quad,112.5,4,True
COL_01318,2026-06-18 08:00:00,BIN_025,Dining,324.0,6,True
COL_01319,2026-06-18 09:00:00,BIN_016,Michigan Stadium,100.8,3,True
COL_01320,2026-06-18 12:00:00,BIN_021,South/West Quad,313.0,4,True
COL_01321,2026-06-18 13:00:00,BIN_015,Michigan Stadium,301.0,3,True
COL_01322,2026-06-18 13:00:00,BIN_029,North Campus,160.2,5,True
COL_01323,2026-06-18 14:00:00,BIN_024,Dining,337.9,6,True
COL_01324,2026-06-18 14:00:00,BIN_028,North Campus,153.5,5,True
COL_01325,2026-06-18 15:00:00,BIN_013,Michigan Stadium,313.4,5,True
COL_01326,2026-06-18 15:00:00,BIN_022,South/West Quad,331.5,4,True
COL_01327,2026-06-18 15:00:00,BIN_023,Dining,205.4,2,True
COL_01328,2026-06-18 18:00:00,BIN_007,Central Campus,158.8,6,True
COL_01329,2026-06-18 18:00:00,BIN_026,Dining,209.2,6,True
COL_01330,2026-06-18 19:00:00,BIN_005,Central Campus,102.4,5,True
COL_01331,2026-06-18 19:00:00,BIN_020,South/West Quad,229.5,4,True
COL_01332,2026-06-18 20:00:00,BIN_036,Library,211.4,6,True
COL_01333,2026-06-18 22:00:00,BIN_008,Central Campus,297.5,5,True
COL_01334,2026-06-19 08:00:00,BIN_018,South/West Quad,113.7,3,True
COL_01335,2026-06-19 09:00:00,BIN_027,Dining,115.0,3,True
COL_01336,2026-06-19 09:00:00,BIN_030,North Campus,303.2,6,True
COL_01337,2026-06-19 09:00:00,BIN_034,Library,104.5,3,True
COL_01338,2026-06-19 10:00:00,BIN_003,Central Campus,313.1,5,True
COL_01339,2026-06-19 10:00:00,BIN_025,Dining,318.6,6,True
COL_01340,2026-06-19 11:00:00,BIN_032,North Campus,162.3,2,True
COL_01341,2026-06-19 12:00:00,BIN_004,Central Campus,153.0,2,True
COL_01342,2026-06-19 12:00:00,BIN_019,South/West Quad,215.4,4,True
COL_01343,2026-06-19 13:00:00,BIN_006,Central Campus,209.4,5,True
COL_01344,2026-06-19 13:00:00,BIN_024,Dining,316.0,2,True
COL_01345,2026-06-19 14:00:00,BIN_001,Central Campus,164.0,4,True
COL_01346,2026-06-19 14:00:00,BIN_010,Michigan Stadium,217.9,4,True
COL_01347,2026-06-19 15:00:00,BIN_002,Central Campus,313.3,4,True
COL_01348,2026-06-19 15:00:00,BIN_031,North Campus,219.5,2,True
COL_01349,2026-06-19 16:00:00,BIN_033,North Campus,218.1,2,True
COL_01350,2026-06-19 18:00:00,BIN_023,Dining,209.7,5,True
COL_01351,2026-06-19 19:00:00,BIN_026,Dining,198.1,6,True
COL_01352,2026-06-19 23:00:00,BIN_035,Library,111.5,6,True
COL_01353,2026-06-20 00:00:00,BIN_017,South/West Quad,106.5,6,True
COL_01354,2026-06-20 01:00:00,BIN_021,South/West Quad,296.5,2,True
COL_01355,2026-06-20 03:00:00,BIN_009,Michigan Stadium,304.1,2,True
COL_01356,2026-06-20 09:00:00,BIN_014,Michigan Stadium,316.4,3,True
COL_01357,2026-06-20 10:00:00,BIN_022,South/West Quad,313.7,3,True
COL_01358,2026-06-20 11:00:00,BIN_025,Dining,308.7,4,True
COL_01359,2026-06-20 12:00:00,BIN_027,Dining,98.8,4,True
COL_01360,2026-06-20 16:00:00,BIN_020,South/West Quad,203.5,4,True
COL_01361,2026-06-20 17:00:00,BIN_024,Dining,342.0,2,True
COL_01362,2026-06-20 19:00:00,BIN_023,Dining,230.2,5,True
COL_01363,2026-06-21 01:00:00,BIN_026,Dining,219.2,2,True
COL_01364,2026-06-21 01:00:00,BIN_029,North Campus,141.6,6,True
COL_01365,2026-06-21 02:00:00,BIN_018,South/West Quad,96.0,3,True
COL_01366,2026-06-21 03:00:00,BIN_036,Library,226.1,3,True
COL_01367,2026-06-21 06:00:00,BIN_028,North Campus,140.8,5,True
COL_01368,2026-06-21 07:00:00,BIN_019,South/West Quad,207.8,4,True
COL_01369,2026-06-21 09:00:00,BIN_034,Library,98.5,3,True
COL_01370,2026-06-21 13:00:00,BIN_025,Dining,286.8,6,True
COL_01371,2026-06-21 13:00:00,BIN_027,Dining,95.4,4,True
COL_01372,2026-06-21 15:00:00,BIN_007,Central Campus,163.1,4,True
COL_01373,2026-06-21 18:00:00,BIN_021,South/West Quad,296.4,6,True
COL_01374,2026-06-21 19:00:00,BIN_024,Dining,305.1,3,True
COL_01375,2026-06-21 20:00:00,BIN_005,Central Campus,109.6,4,True
COL_01376,2026-06-21 20:00:00,BIN_017,South/West Quad,100.3,4,True
COL_01377,2026-06-21 22:00:00,BIN_035,Library,102.5,4,True
COL_01378,2026-06-22 00:00:00,BIN_008,Central Campus,319.3,5,True
COL_01379,2026-06-22 01:00:00,BIN_022,South/West Quad,318.9,2,True
COL_01380,2026-06-22 02:00:00,BIN_023,Dining,212.8,4,True
COL_01381,2026-06-22 02:00:00,BIN_026,Dining,200.8,6,True
COL_01382,2026-06-22 07:00:00,BIN_020,South/West Quad,190.8,5,True
COL_01383,2026-06-22 09:00:00,BIN_030,North Campus,342.1,6,True
COL_01384,2026-06-22 10:00:00,BIN_032,North Campus,160.2,5,True
COL_01385,2026-06-22 12:00:00,BIN_003,Central Campus,292.3,4,True
COL_01386,2026-06-22 13:00:00,BIN_025,Dining,321.7,3,True
COL_01387,2026-06-22 14:00:00,BIN_011,Michigan Stadium,189.5,5,True
COL_01388,2026-06-22 14:00:00,BIN_031,North Campus,226.9,3,True
COL_01389,2026-06-22 15:00:00,BIN_001,Central Campus,140.7,2,True
COL_01390,2026-06-22 15:00:00,BIN_002,Central Campus,306.7,2,True
COL_01391,2026-06-22 16:00:00,BIN_004,Central Campus,162.3,5,True
COL_01392,2026-06-22 16:00:00,BIN_006,Central Campus,208.2,4,True
COL_01393,2026-06-22 16:00:00,BIN_027,Dining,106.6,4,True
COL_01394,2026-06-22 18:00:00,BIN_012,Michigan Stadium,170.9,6,True
COL_01395,2026-06-22 19:00:00,BIN_033,North Campus,200.8,4,True
COL_01396,2026-06-22 23:00:00,BIN_018,South/West Quad,110.5,4,True
COL_01397,2026-06-22 23:00:00,BIN_024,Dining,316.2,6,True
COL_01398,2026-06-23 00:00:00,BIN_036,Library,204.4,4,True
COL_01399,2026-06-23 02:00:00,BIN_034,Library,111.0,4,True
COL_01400,2026-06-23 03:00:00,BIN_023,Dining,201.7,6,True
COL_01401,2026-06-23 04:00:00,BIN_019,South/West Quad,203.3,3,True
COL_01402,2026-06-23 07:00:00,BIN_026,Dining,191.6,5,True
COL_01403,2026-06-23 13:00:00,BIN_025,Dining,289.6,5,True
COL_01404,2026-06-23 14:00:00,BIN_021,South/West Quad,315.4,4,True
COL_01405,2026-06-23 14:00:00,BIN_028,North Campus,151.6,4,True
COL_01406,2026-06-23 15:00:00,BIN_007,Central Campus,156.1,4,True
COL_01407,2026-06-23 15:00:00,BIN_029,North Campus,162.7,3,True
COL_01408,2026-06-23 16:00:00,BIN_017,South/West Quad,105.9,3,True
COL_01409,2026-06-23 17:00:00,BIN_005,Central Campus,107.3,6,True
COL_01410,2026-06-23 18:00:00,BIN_027,Dining,110.6,2,True
COL_01411,2026-06-23 22:00:00,BIN_020,South/West Quad,216.2,3,True
COL_01412,2026-06-23 22:00:00,BIN_022,South/West Quad,293.7,3,True
COL_01413,2026-06-24 00:00:00,BIN_035,Library,103.8,5,True
COL_01414,2026-06-24 04:00:00,BIN_008,Central Campus,308.5,6,True
COL_01415,2026-06-24 04:00:00,BIN_024,Dining,319.5,2,True
COL_01416,2026-06-24 05:00:00,BIN_030,North Campus,335.6,4,True
COL_01417,2026-06-24 07:00:00,BIN_023,Dining,225.2,2,True
COL_01418,2026-06-24 09:00:00,BIN_026,Dining,229.8,2,True
COL_01419,2026-06-24 11:00:00,BIN_003,Central Campus,325.2,2,True
COL_01420,2026-06-24 12:00:00,BIN_032,North Campus,166.2,3,True
COL_01421,2026-06-24 14:00:00,BIN_004,Central Campus,144.7,3,True
COL_01422,2026-06-24 14:00:00,BIN_006,Central Campus,208.0,2,True
COL_01423,2026-06-24 15:00:00,BIN_031,North Campus,216.2,2,True
COL_01424,2026-06-24 16:00:00,BIN_001,Central Campus,167.9,3,True
COL_01425,2026-06-24 16:00:00,BIN_002,Central Campus,333.0,4,True
COL_01426,2026-06-24 16:00:00,BIN_033,North Campus,217.7,2,True
COL_01427,2026-06-24 18:00:00,BIN_013,Michigan Stadium,341.2,4,True
COL_01428,2026-06-24 18:00:00,BIN_015,Michigan Stadium,323.9,6,True
COL_01429,2026-06-24 18:00:00,BIN_025,Dining,281.5,6,True
COL_01430,2026-06-24 20:00:00,BIN_027,Dining,114.3,4,True
COL_01431,2026-06-24 22:00:00,BIN_018,South/West Quad,97.7,3,True
COL_01432,2026-06-24 22:00:00,BIN_019,South/West Quad,229.9,5,True
COL_01433,2026-06-24 23:00:00,BIN_016,Michigan Stadium,102.5,5,True
COL_01434,2026-06-24 23:00:00,BIN_036,Library,220.3,2,True
COL_01435,2026-06-25 03:00:00,BIN_028,North Campus,157.9,2,True
COL_01436,2026-06-25 03:00:00,BIN_034,Library,97.7,2,True
COL_01437,2026-06-25 04:00:00,BIN_010,Michigan Stadium,200.8,4,True
COL_01438,2026-06-25 05:00:00,BIN_024,Dining,322.9,3,True
COL_01439,2026-06-25 08:00:00,BIN_021,South/West Quad,323.0,6,True
COL_01440,2026-06-25 08:00:00,BIN_029,North Campus,156.8,5,True
COL_01441,2026-06-25 09:00:00,BIN_023,Dining,194.2,3,True
COL_01442,2026-06-25 10:00:00,BIN_017,South/West Quad,101.3,6,True
COL_01443,2026-06-25 11:00:00,BIN_026,Dining,221.6,3,True
COL_01444,2026-06-25 15:00:00,BIN_007,Central Campus,155.0,5,True
COL_01445,2026-06-25 16:00:00,BIN_005,Central Campus,105.3,5,True
COL_01446,2026-06-25 17:00:00,BIN_030,North Campus,303.4,3,True
COL_01447,2026-06-25 19:00:00,BIN_022,South/West Quad,297.4,4,True
COL_01448,2026-06-25 19:00:00,BIN_025,Dining,303.1,4,True
COL_01449,2026-06-25 19:00:00,BIN_032,North Campus,168.8,5,True
COL_01450,2026-06-25 20:00:00,BIN_008,Central Campus,323.1,5,True
COL_01451,2026-06-25 20:00:00,BIN_020,South/West Quad,217.2,3,True
COL_01452,2026-06-25 23:00:00,BIN_035,Library,94.6,3,True
COL_01453,2026-06-26 03:00:00,BIN_027,Dining,95.1,4,True
COL_01454,2026-06-26 06:00:00,BIN_003,Central Campus,337.2,2,True
COL_01455,2026-06-26 09:00:00,BIN_009,Michigan Stadium,313.4,4,True
COL_01456,2026-06-26 09:00:00,BIN_023,Dining,199.9,3,True
COL_01457,2026-06-26 09:00:00,BIN_024,Dining,314.0,5,True
COL_01458,2026-06-26 09:00:00,BIN_031,North Campus,226.2,4,True
COL_01459,2026-06-26 12:00:00,BIN_006,Central Campus,193.0,6,True
COL_01460,2026-06-26 12:00:00,BIN_026,Dining,201.7,6,True
COL_01461,2026-06-26 14:00:00,BIN_004,Central Campus,141.4,2,True
COL_01462,2026-06-26 14:00:00,BIN_033,North Campus,190.5,4,True
COL_01463,2026-06-26 15:00:00,BIN_019,South/West Quad,209.1,6,True
COL_01464,2026-06-26 16:00:00,BIN_002,Central Campus,340.2,5,True
COL_01465,2026-06-26 16:00:00,BIN_014,Michigan Stadium,335.8,3,True
COL_01466,2026-06-26 17:00:00,BIN_028,North Campus,147.9,3,True
COL_01467,2026-06-26 18:00:00,BIN_029,North Campus,161.4,3,True
COL_01468,2026-06-26 18:00:00,BIN_034,Library,106.2,2,True
COL_01469,2026-06-26 19:00:00,BIN_001,Central Campus,143.3,4,True
COL_01470,2026-06-26 19:00:00,BIN_036,Library,209.2,5,True
COL_01471,2026-06-26 20:00:00,BIN_018,South/West Quad,101.6,6,True
COL_01472,2026-06-26 20:00:00,BIN_025,Dining,323.3,4,True
COL_01473,2026-06-26 23:00:00,BIN_027,Dining,97.1,3,True
COL_01474,2026-06-27 01:00:00,BIN_017,South/West Quad,103.0,6,True
COL_01475,2026-06-27 01:00:00,BIN_021,South/West Quad,299.4,4,True
COL_01476,2026-06-27 09:00:00,BIN_023,Dining,229.4,4,True
COL_01477,2026-06-27 11:00:00,BIN_024,Dining,299.4,4,True
COL_01478,2026-06-27 14:00:00,BIN_022,South/West Quad,323.8,2,True
COL_01479,2026-06-27 16:00:00,BIN_026,Dining,215.1,5,True
COL_01480,2026-06-27 17:00:00,BIN_020,South/West Quad,220.4,6,True
COL_01481,2026-06-27 17:00:00,BIN_035,Library,107.7,3,True
COL_01482,2026-06-28 01:00:00,BIN_025,Dining,314.8,6,True
COL_01483,2026-06-28 04:00:00,BIN_027,Dining,113.0,6,True
COL_01484,2026-06-28 05:00:00,BIN_005,Central Campus,99.9,2,True
COL_01485,2026-06-28 09:00:00,BIN_019,South/West Quad,212.5,4,True
COL_01486,2026-06-28 11:00:00,BIN_007,Central Campus,145.5,4,True
COL_01487,2026-06-28 11:00:00,BIN_023,Dining,197.4,6,True
COL_01488,2026-06-28 14:00:00,BIN_024,Dining,288.1,2,True
COL_01489,2026-06-28 15:00:00,BIN_034,Library,98.1,2,True
COL_01490,2026-06-28 17:00:00,BIN_011,Michigan Stadium,223.7,3,True
COL_01491,2026-06-28 17:00:00,BIN_026,Dining,204.8,4,True
COL_01492,2026-06-28 18:00:00,BIN_018,South/West Quad,99.1,4,True
COL_01493,2026-06-28 20:00:00,BIN_017,South/West Quad,109.0,3,True
COL_01494,2026-06-28 21:00:00,BIN_021,South/West Quad,328.8,3,True
COL_01495,2026-06-28 21:00:00,BIN_036,Library,192.6,3,True
COL_01496,2026-06-28 23:00:00,BIN_008,Central Campus,306.0,2,True
COL_01497,2026-06-29 01:00:00,BIN_030,North Campus,317.0,4,True
COL_01498,2026-06-29 04:00:00,BIN_025,Dining,294.9,2,True
COL_01499,2026-06-29 07:00:00,BIN_012,Michigan Stadium,169.7,6,True
COL_01500,2026-06-29 07:00:00,BIN_022,South/West Quad,325.2,2,True
COL_01501,2026-06-29 08:00:00,BIN_031,North Campus,211.8,2,True
COL_01502,2026-06-29 09:00:00,BIN_020,South/West Quad,194.9,4,True
COL_01503,2026-06-29 09:00:00,BIN_027,Dining,93.7,3,True
COL_01504,2026-06-29 11:00:00,BIN_003,Central Campus,332.4,5,True
COL_01505,2026-06-29 11:00:00,BIN_032,North Campus,157.2,2,True
COL_01506,2026-06-29 13:00:00,BIN_023,Dining,211.7,5,True
COL_01507,2026-06-29 15:00:00,BIN_006,Central Campus,192.9,6,True
COL_01508,2026-06-29 16:00:00,BIN_004,Central Campus,155.0,5,True
COL_01509,2026-06-29 16:00:00,BIN_035,Library,105.4,5,True
COL_01510,2026-06-29 17:00:00,BIN_001,Central Campus,152.8,3,True
COL_01511,2026-06-29 17:00:00,BIN_033,North Campus,209.8,3,True
COL_01512,2026-06-29 18:00:00,BIN_002,Central Campus,326.0,2,True
COL_01513,2026-06-29 18:00:00,BIN_024,Dining,308.0,5,True
COL_01514,2026-06-29 19:00:00,BIN_026,Dining,215.4,3,True
COL_01515,2026-06-29 22:00:00,BIN_029,North Campus,159.1,4,True
COL_01516,2026-06-29 23:00:00,BIN_013,Michigan Stadium,331.0,3,True
COL_01517,2026-06-29 23:00:00,BIN_028,North Campus,159.3,2,True
COL_01518,2026-06-30 04:00:00,BIN_019,South/West Quad,217.3,6,True
COL_01519,2026-06-30 08:00:00,BIN_025,Dining,336.2,4,True
COL_01520,2026-06-30 11:00:00,BIN_018,South/West Quad,103.7,6,True
COL_01521,2026-06-30 11:00:00,BIN_027,Dining,97.9,5,True
COL_01522,2026-06-30 14:00:00,BIN_005,Central Campus,98.5,2,True
COL_01523,2026-06-30 14:00:00,BIN_034,Library,105.6,3,True
COL_01524,2026-06-30 15:00:00,BIN_007,Central Campus,164.9,2,True
COL_01525,2026-06-30 15:00:00,BIN_008,Central Campus,341.1,2,True
COL_01526,2026-06-30 16:00:00,BIN_023,Dining,223.6,2,True
COL_01527,2026-06-30 19:00:00,BIN_016,Michigan Stadium,110.3,5,True
COL_01528,2026-06-30 19:00:00,BIN_017,South/West Quad,110.2,3,True
COL_01529,2026-06-30 20:00:00,BIN_024,Dining,316.7,5,True
COL_01530,2026-06-30 20:00:00,BIN_036,Library,191.2,2,True
COL_01531,2026-06-30 21:00:00,BIN_010,Michigan Stadium,220.8,3,True
COL_01532,2026-06-30 21:00:00,BIN_015,Michigan Stadium,327.4,4,True
COL_01533,2026-06-30 21:00:00,BIN_021,South/West Quad,332.2,4,True
COL_01534,2026-06-30 21:00:00,BIN_030,North Campus,330.1,6,True
COL_01535,2026-06-30 23:00:00,BIN_022,South/West Quad,315.6,3,True
COL_01536,2026-07-01 02:00:00,BIN_026,Dining,222.4,6,True
COL_01537,2026-07-01 03:00:00,BIN_020,South/West Quad,214.2,6,True
COL_01538,2026-07-01 04:00:00,BIN_031,North Campus,205.3,2,True
COL_01539,2026-07-01 09:00:00,BIN_003,Central Campus,329.1,3,True
COL_01540,2026-07-01 11:00:00,BIN_025,Dining,337.4,2,True
COL_01541,2026-07-01 11:00:00,BIN_032,North Campus,156.5,6,True
COL_01542,2026-07-01 12:00:00,BIN_027,Dining,113.7,5,True
COL_01543,2026-07-01 13:00:00,BIN_033,North Campus,201.1,5,True
COL_01544,2026-07-01 14:00:00,BIN_004,Central Campus,160.8,2,True
COL_01545,2026-07-01 15:00:00,BIN_001,Central Campus,141.9,4,True
COL_01546,2026-07-01 15:00:00,BIN_006,Central Campus,211.0,2,True
COL_01547,2026-07-01 16:00:00,BIN_035,Library,110.7,3,True
COL_01548,2026-07-01 17:00:00,BIN_002,Central Campus,338.8,5,True
COL_01549,2026-07-01 18:00:00,BIN_029,North Campus,160.7,6,True
COL_01550,2026-07-01 19:00:00,BIN_023,Dining,193.9,5,True
COL_01551,2026-07-01 19:00:00,BIN_028,North Campus,149.6,5,True
COL_01552,2026-07-01 21:00:00,BIN_019,South/West Quad,192.5,6,True
COL_01553,2026-07-02 01:00:00,BIN_014,Michigan Stadium,339.8,5,True
COL_01554,2026-07-02 01:00:00,BIN_024,Dining,284.2,3,True
COL_01555,2026-07-02 04:00:00,BIN_026,Dining,218.3,2,True
COL_01556,2026-07-02 07:00:00,BIN_018,South/West Quad,110.5,2,True
COL_01557,2026-07-02 08:00:00,BIN_034,Library,96.3,5,True
COL_01558,2026-07-02 09:00:00,BIN_017,South/West Quad,101.1,5,True
COL_01559,2026-07-02 11:00:00,BIN_025,Dining,334.8,2,True
COL_01560,2026-07-02 13:00:00,BIN_027,Dining,112.7,3,True
COL_01561,2026-07-02 14:00:00,BIN_009,Michigan Stadium,342.5,6,True
COL_01562,2026-07-02 15:00:00,BIN_005,Central Campus,100.0,5,True
COL_01563,2026-07-02 15:00:00,BIN_007,Central Campus,153.6,3,True
COL_01564,2026-07-02 15:00:00,BIN_021,South/West Quad,287.8,2,True
COL_01565,2026-07-02 16:00:00,BIN_008,Central Campus,298.2,5,True
COL_01566,2026-07-02 16:00:00,BIN_030,North Campus,294.6,3,True
COL_01567,2026-07-02 18:00:00,BIN_022,South/West Quad,294.6,6,True
COL_01568,2026-07-02 20:00:00,BIN_020,South/West Quad,210.2,2,True
COL_01569,2026-07-02 21:00:00,BIN_031,North Campus,190.3,3,True
COL_01570,2026-07-02 22:00:00,BIN_023,Dining,221.4,4,True
COL_01571,2026-07-02 22:00:00,BIN_036,Library,198.9,6,True
COL_01572,2026-07-03 05:00:00,BIN_024,Dining,326.3,3,True
COL_01573,2026-07-03 08:00:00,BIN_026,Dining,218.5,2,True
COL_01574,2026-07-03 10:00:00,BIN_003,Central Campus,286.1,6,True
COL_01575,2026-07-03 11:00:00,BIN_032,North Campus,166.9,6,True
COL_01576,2026-07-03 12:00:00,BIN_004,Central Campus,168.9,5,True
COL_01577,2026-07-03 12:00:00,BIN_033,North Campus,228.1,5,True
COL_01578,2026-07-03 13:00:00,BIN_025,Dining,339.4,5,True
COL_01579,2026-07-03 13:00:00,BIN_027,Dining,103.6,6,True
COL_01580,2026-07-03 15:00:00,BIN_001,Central Campus,172.2,4,True
COL_01581,2026-07-03 15:00:00,BIN_035,Library,103.5,6,True
COL_01582,2026-07-03 16:00:00,BIN_006,Central Campus,189.5,3,True
COL_01583,2026-07-03 17:00:00,BIN_028,North Campus,155.7,3,True
COL_01584,2026-07-03 18:00:00,BIN_029,North Campus,172.7,6,True
COL_01585,2026-07-03 19:00:00,BIN_002,Central Campus,332.3,3,True
COL_01586,2026-07-03 19:00:00,BIN_019,South/West Quad,197.7,3,True
COL_01587,2026-07-03 23:00:00,BIN_018,South/West Quad,113.8,6,True
COL_01588,2026-07-04 01:00:00,BIN_017,South/West Quad,109.8,3,True
COL_01589,2026-07-04 01:00:00,BIN_034,Library,104.6,2,True
COL_01590,2026-07-04 03:00:00,BIN_023,Dining,196.1,3,True
COL_01591,2026-07-04 07:00:00,BIN_021,South/West Quad,301.4,4,True
COL_01592,2026-07-04 08:00:00,BIN_024,Dining,338.3,4,True
COL_01593,2026-07-04 08:00:00,BIN_026,Dining,207.9,4,True
COL_01594,2026-07-04 09:00:00,BIN_022,South/West Quad,331.0,6,True
COL_01595,2026-07-04 15:00:00,BIN_020,South/West Quad,207.6,4,True
COL_01596,2026-07-04 15:00:00,BIN_025,Dining,304.1,3,True
COL_01597,2026-07-04 17:00:00,BIN_027,Dining,106.6,5,True
COL_01598,2026-07-04 23:00:00,BIN_036,Library,215.2,4,True
COL_01599,2026-07-05 01:00:00,BIN_012,Michigan Stadium,170.3,5,True
COL_01600,2026-07-05 05:00:00,BIN_007,Central Campus,166.0,5,True
COL_01601,2026-07-05 05:00:00,BIN_023,Dining,201.4,3,True
COL_01602,2026-07-05 07:00:00,BIN_005,Central Campus,111.0,4,True
COL_01603,2026-07-05 09:00:00,BIN_024,Dining,327.0,5,True
COL_01604,2026-07-05 10:00:00,BIN_026,Dining,193.1,2,True
COL_01605,2026-07-05 10:00:00,BIN_030,North Campus,281.4,4,True
COL_01606,2026-07-05 12:00:00,BIN_008,Central Campus,297.4,4,True
COL_01607,2026-07-05 12:00:00,BIN_011,Michigan Stadium,224.8,3,True
COL_01608,2026-07-05 14:00:00,BIN_015,Michigan Stadium,290.5,3,True
COL_01609,2026-07-05 15:00:00,BIN_010,Michigan Stadium,202.8,3,True
COL_01610,2026-07-05 15:00:00,BIN_013,Michigan Stadium,285.4,3,True
COL_01611,2026-07-05 16:00:00,BIN_019,South/West Quad,214.7,2,True
COL_01612,2026-07-05 16:00:00,BIN_025,Dining,341.9,2,True
COL_01613,2026-07-05 17:00:00,BIN_016,Michigan Stadium,102.8,2,True
COL_01614,2026-07-05 17:00:00,BIN_035,Library,108.2,2,True
COL_01615,2026-07-05 18:00:00,BIN_027,Dining,99.2,6,True
COL_01616,2026-07-05 19:00:00,BIN_018,South/West Quad,113.2,2,True
COL_01617,2026-07-05 21:00:00,BIN_017,South/West Quad,102.9,2,True
COL_01618,2026-07-05 23:00:00,BIN_003,Central Campus,293.8,2,True
COL_01619,2026-07-06 00:00:00,BIN_031,North Campus,203.3,3,True
COL_01620,2026-07-06 02:00:00,BIN_034,Library,103.9,2,True
COL_01621,2026-07-06 03:00:00,BIN_021,South/West Quad,294.4,4,True
COL_01622,2026-07-06 07:00:00,BIN_023,Dining,205.2,4,True
COL_01623,2026-07-06 08:00:00,BIN_022,South/West Quad,330.0,5,True
COL_01624,2026-07-06 09:00:00,BIN_014,Michigan Stadium,293.0,6,True
COL_01625,2026-07-06 10:00:00,BIN_004,Central Campus,161.3,4,True
COL_01626,2026-07-06 10:00:00,BIN_009,Michigan Stadium,323.2,5,True
COL_01627,2026-07-06 10:00:00,BIN_024,Dining,311.4,2,True
COL_01628,2026-07-06 11:00:00,BIN_001,Central Campus,151.5,2,True
COL_01629,2026-07-06 11:00:00,BIN_020,South/West Quad,217.7,3,True
COL_01630,2026-07-06 12:00:00,BIN_026,Dining,219.4,2,True
COL_01631,2026-07-06 13:00:00,BIN_006,Central Campus,194.7,5,True
COL_01632,2026-07-06 13:00:00,BIN_033,North Campus,199.7,4,True
COL_01633,2026-07-06 14:00:00,BIN_002,Central Campus,336.0,2,True
COL_01634,2026-07-06 15:00:00,BIN_032,North Campus,159.8,2,True
COL_01635,2026-07-06 17:00:00,BIN_025,Dining,281.5,4,True
COL_01636,2026-07-06 17:00:00,BIN_028,North Campus,148.0,2,True
COL_01637,2026-07-06 22:00:00,BIN_027,Dining,104.4,2,True
COL_01638,2026-07-06 22:00:00,BIN_036,Library,188.5,5,True
COL_01639,2026-07-06 23:00:00,BIN_029,North Campus,141.6,2,True
COL_01640,2026-07-07 08:00:00,BIN_019,South/West Quad,225.9,6,True
COL_01641,2026-07-07 08:00:00,BIN_023,Dining,194.1,3,True
COL_01642,2026-07-07 09:00:00,BIN_017,South/West Quad,98.1,4,True
COL_01643,2026-07-07 09:00:00,BIN_024,Dining,306.9,5,True
COL_01644,2026-07-07 10:00:00,BIN_007,Central Campus,149.8,6,True
COL_01645,2026-07-07 11:00:00,BIN_005,Central Campus,109.8,2,True
COL_01646,2026-07-07 12:00:00,BIN_008,Central Campus,285.9,5,True
COL_01647,2026-07-07 13:00:00,BIN_026,Dining,206.3,6,True
COL_01648,2026-07-07 14:00:00,BIN_035,Library,110.2,5,True
COL_01649,2026-07-07 17:00:00,BIN_018,South/West Quad,99.8,4,True
COL_01650,2026-07-07 18:00:00,BIN_003,Central Campus,315.6,2,True
COL_01651,2026-07-07 18:00:00,BIN_025,Dining,312.1,5,True
COL_01652,2026-07-07 18:00:00,BIN_030,North Campus,327.8,4,True
COL_01653,2026-07-07 20:00:00,BIN_021,South/West Quad,299.6,6,True
COL_01654,2026-07-07 21:00:00,BIN_031,North Campus,219.7,3,True
COL_01655,2026-07-08 00:00:00,BIN_034,Library,113.0,3,True
COL_01656,2026-07-08 01:00:00,BIN_022,South/West Quad,299.9,5,True
COL_01657,2026-07-08 03:00:00,BIN_027,Dining,106.6,5,True
COL_01658,2026-07-08 04:00:00,BIN_020,South/West Quad,224.0,5,True
COL_01659,2026-07-08 08:00:00,BIN_023,Dining,189.9,2,True
COL_01660,2026-07-08 10:00:00,BIN_004,Central Campus,158.4,2,True
COL_01661,2026-07-08 11:00:00,BIN_002,Central Campus,328.7,4,True
COL_01662,2026-07-08 11:00:00,BIN_006,Central Campus,213.3,4,True
COL_01663,2026-07-08 12:00:00,BIN_024,Dining,296.5,2,True
COL_01664,2026-07-08 13:00:00,BIN_001,Central Campus,150.4,2,True
COL_01665,2026-07-08 13:00:00,BIN_026,Dining,208.7,2,True
COL_01666,2026-07-08 13:00:00,BIN_033,North Campus,199.5,3,True
COL_01667,2026-07-08 14:00:00,BIN_028,North Campus,148.5,2,True
COL_01668,2026-07-08 14:00:00,BIN_032,North Campus,164.0,5,True
COL_01669,2026-07-08 16:00:00,BIN_012,Michigan Stadium,167.0,5,True
COL_01670,2026-07-08 16:00:00,BIN_029,North Campus,152.5,3,True
COL_01671,2026-07-08 19:00:00,BIN_036,Library,223.2,2,True
COL_01672,2026-07-08 20:00:00,BIN_025,Dining,341.6,2,True
COL_01673,2026-07-09 01:00:00,BIN_019,South/West Quad,214.2,2,True
COL_01674,2026-07-09 02:00:00,BIN_017,South/West Quad,97.6,4,True
COL_01675,2026-07-09 02:00:00,BIN_035,Library,112.4,4,True
COL_01676,2026-07-09 07:00:00,BIN_018,South/West Quad,102.1,5,True
COL_01677,2026-07-09 08:00:00,BIN_007,Central Campus,159.4,2,True
COL_01678,2026-07-09 08:00:00,BIN_027,Dining,100.6,2,True
COL_01679,2026-07-09 09:00:00,BIN_021,South/West Quad,344.2,6,True
COL_01680,2026-07-09 10:00:00,BIN_008,Central Campus,330.1,5,True
COL_01681,2026-07-09 10:00:00,BIN_023,Dining,223.1,4,True
COL_01682,2026-07-09 12:00:00,BIN_005,Central Campus,113.8,6,True
COL_01683,2026-07-09 12:00:00,BIN_011,Michigan Stadium,194.0,3,True
COL_01684,2026-07-09 13:00:00,BIN_024,Dining,292.3,3,True
COL_01685,2026-07-09 15:00:00,BIN_030,North Campus,295.3,5,True
COL_01686,2026-07-09 16:00:00,BIN_034,Library,94.8,3,True
COL_01687,2026-07-09 17:00:00,BIN_026,Dining,226.4,4,True
COL_01688,2026-07-09 17:00:00,BIN_031,North Campus,230.1,2,True
COL_01689,2026-07-09 20:00:00,BIN_022,South/West Quad,320.0,2,True
COL_01690,2026-07-09 21:00:00,BIN_003,Central Campus,319.9,5,True
COL_01691,2026-07-09 22:00:00,BIN_025,Dining,305.4,4,True
COL_01692,2026-07-09 23:00:00,BIN_020,South/West Quad,200.1,2,True
COL_01693,2026-07-10 09:00:00,BIN_002,Central Campus,312.1,5,True
COL_01694,2026-07-10 10:00:00,BIN_001,Central Campus,164.6,3,True
COL_01695,2026-07-10 10:00:00,BIN_004,Central Campus,145.3,3,True
COL_01696,2026-07-10 10:00:00,BIN_023,Dining,220.7,5,True
COL_01697,2026-07-10 11:00:00,BIN_006,Central Campus,215.1,3,True
COL_01698,2026-07-10 11:00:00,BIN_027,Dining,109.3,3,True
COL_01699,2026-07-10 13:00:00,BIN_032,North Campus,143.0,4,True
COL_01700,2026-07-10 14:00:00,BIN_028,North Campus,151.6,2,True
COL_01701,2026-07-10 15:00:00,BIN_029,North Campus,156.4,5,True
COL_01702,2026-07-10 15:00:00,BIN_033,North Campus,224.0,6,True
COL_01703,2026-07-10 17:00:00,BIN_024,Dining,316.0,2,True
COL_01704,2026-07-10 18:00:00,BIN_010,Michigan Stadium,224.0,2,True
COL_01705,2026-07-10 19:00:00,BIN_017,South/West Quad,112.1,4,True
COL_01706,2026-07-10 20:00:00,BIN_007,Central Campus,153.3,3,True
COL_01707,2026-07-10 20:00:00,BIN_026,Dining,221.2,2,True
COL_01708,2026-07-10 21:00:00,BIN_019,South/West Quad,200.7,2,True
COL_01709,2026-07-10 21:00:00,BIN_036,Library,191.3,6,True
COL_01710,2026-07-10 22:00:00,BIN_025,Dining,292.1,2,True
COL_01711,2026-07-11 01:00:00,BIN_013,Michigan Stadium,291.2,5,True
COL_01712,2026-07-11 01:00:00,BIN_018,South/West Quad,101.3,5,True
COL_01713,2026-07-11 01:00:00,BIN_035,Library,112.7,6,True
COL_01714,2026-07-11 05:00:00,BIN_015,Michigan Stadium,303.6,2,True
COL_01715,2026-07-11 05:00:00,BIN_021,South/West Quad,338.1,4,True
COL_01716,2026-07-11 11:00:00,BIN_023,Dining,220.8,2,True
COL_01717,2026-07-11 12:00:00,BIN_027,Dining,109.1,6,True
COL_01718,2026-07-11 13:00:00,BIN_022,South/West Quad,312.9,5,True
COL_01719,2026-07-11 14:00:00,BIN_008,Central Campus,334.0,2,True
COL_01720,2026-07-11 16:00:00,BIN_034,Library,93.6,2,True
COL_01721,2026-07-11 19:00:00,BIN_016,Michigan Stadium,109.0,6,True
COL_01722,2026-07-11 19:00:00,BIN_024,Dining,324.4,4,True
COL_01723,2026-07-11 19:00:00,BIN_026,Dining,226.1,5,True
COL_01724,2026-07-11 22:00:00,BIN_025,Dining,318.8,3,True
COL_01725,2026-07-11 23:00:00,BIN_005,Central Campus,107.7,2,True
COL_01726,2026-07-11 23:00:00,BIN_020,South/West Quad,190.8,6,True
COL_01727,2026-07-12 03:00:00,BIN_009,Michigan Stadium,292.6,3,True
COL_01728,2026-07-12 04:00:00,BIN_014,Michigan Stadium,284.8,4,True
COL_01729,2026-07-12 07:00:00,BIN_030,North Campus,289.1,3,True
COL_01730,2026-07-12 12:00:00,BIN_023,Dining,197.5,2,True
COL_01731,2026-07-12 13:00:00,BIN_027,Dining,109.3,5,True
COL_01732,2026-07-12 15:00:00,BIN_017,South/West Quad,112.5,2,True
COL_01733,2026-07-12 16:00:00,BIN_003,Central Campus,321.4,3,True
COL_01734,2026-07-12 18:00:00,BIN_019,South/West Quad,205.2,6,True
COL_01735,2026-07-12 19:00:00,BIN_036,Library,195.5,4,True
COL_01736,2026-07-12 20:00:00,BIN_026,Dining,219.4,3,True
COL_01737,2026-07-12 20:00:00,BIN_031,North Campus,196.1,4,True
COL_01738,2026-07-12 22:00:00,BIN_024,Dining,290.6,5,True
COL_01739,2026-07-12 23:00:00,BIN_018,South/West Quad,102.7,3,True
COL_01740,2026-07-13 00:00:00,BIN_035,Library,114.9,2,True
COL_01741,2026-07-13 02:00:00,BIN_021,South/West Quad,319.3,5,True
COL_01742,2026-07-13 06:00:00,BIN_025,Dining,281.1,3,True
COL_01743,2026-07-13 08:00:00,BIN_022,South/West Quad,305.4,3,True
COL_01744,2026-07-13 11:00:00,BIN_001,Central Campus,169.3,6,True
COL_01745,2026-07-13 12:00:00,BIN_002,Central Campus,284.5,4,True
COL_01746,2026-07-13 12:00:00,BIN_006,Central Campus,191.0,4,True
COL_01747,2026-07-13 13:00:00,BIN_004,Central Campus,171.0,6,True
COL_01748,2026-07-13 13:00:00,BIN_029,North Campus,165.1,3,True
COL_01749,2026-07-13 14:00:00,BIN_032,North Campus,166.6,5,True
COL_01750,2026-07-13 14:00:00,BIN_033,North Campus,228.4,5,True
COL_01751,2026-07-13 15:00:00,BIN_023,Dining,210.7,2,True
COL_01752,2026-07-13 15:00:00,BIN_028,North Campus,150.7,3,True
COL_01753,2026-07-13 15:00:00,BIN_034,Library,113.6,6,True
COL_01754,2026-07-13 16:00:00,BIN_027,Dining,107.2,3,True
COL_01755,2026-07-13 21:00:00,BIN_020,South/West Quad,197.9,4,True
COL_01756,2026-07-13 23:00:00,BIN_007,Central Campus,167.0,2,True
COL_01757,2026-07-14 03:00:00,BIN_024,Dining,297.2,5,True
COL_01758,2026-07-14 03:00:00,BIN_026,Dining,198.3,6,True
COL_01759,2026-07-14 08:00:00,BIN_017,South/West Quad,98.1,2,True
COL_01760,2026-07-14 10:00:00,BIN_008,Central Campus,327.8,5,True
COL_01761,2026-07-14 10:00:00,BIN_025,Dining,299.3,6,True
COL_01762,2026-07-14 12:00:00,BIN_019,South/West Quad,214.1,3,True
COL_01763,2026-07-14 13:00:00,BIN_030,North Campus,326.8,6,True
COL_01764,2026-07-14 14:00:00,BIN_005,Central Campus,106.3,5,True
COL_01765,2026-07-14 15:00:00,BIN_003,Central Campus,318.0,4,True
COL_01766,2026-07-14 15:00:00,BIN_021,South/West Quad,286.8,2,True
COL_01767,2026-07-14 15:00:00,BIN_023,Dining,193.1,5,True
COL_01768,2026-07-14 15:00:00,BIN_031,North Campus,215.7,5,True
COL_01769,2026-07-14 16:00:00,BIN_036,Library,212.6,2,True
COL_01770,2026-07-14 17:00:00,BIN_027,Dining,95.6,4,True
COL_01771,2026-07-14 21:00:00,BIN_012,Michigan Stadium,172.3,3,True
COL_01772,2026-07-14 21:00:00,BIN_018,South/West Quad,105.1,4,True
COL_01773,2026-07-14 23:00:00,BIN_035,Library,97.3,5,True
COL_01774,2026-07-15 04:00:00,BIN_024,Dining,323.9,5,True
COL_01775,2026-07-15 08:00:00,BIN_022,South/West Quad,313.5,6,True
COL_01776,2026-07-15 08:00:00,BIN_026,Dining,215.4,3,True
COL_01777,2026-07-15 10:00:00,BIN_004,Central Campus,153.6,3,True
COL_01778,2026-07-15 11:00:00,BIN_002,Central Campus,295.4,3,True
COL_01779,2026-07-15 11:00:00,BIN_025,Dining,321.9,3,True
COL_01780,2026-07-15 12:00:00,BIN_001,Central Campus,158.2,3,True
COL_01781,2026-07-15 12:00:00,BIN_006,Central Campus,196.1,4,True
COL_01782,2026-07-15 12:00:00,BIN_028,North Campus,141.3,2,True
COL_01783,2026-07-15 12:00:00,BIN_029,North Campus,156.3,3,True
COL_01784,2026-07-15 12:00:00,BIN_032,North Campus,141.7,5,True
COL_01785,2026-07-15 12:00:00,BIN_033,North Campus,210.1,3,True
COL_01786,2026-07-15 13:00:00,BIN_023,Dining,230.4,3,True
COL_01787,2026-07-15 15:00:00,BIN_011,Michigan Stadium,214.2,6,True
COL_01788,2026-07-15 15:00:00,BIN_030,North Campus,309.3,4,True
COL_01789,2026-07-15 16:00:00,BIN_031,North Campus,229.4,2,True
COL_01790,2026-07-15 17:00:00,BIN_020,South/West Quad,196.2,5,True
COL_01791,2026-07-15 17:00:00,BIN_034,Library,114.3,6,True
COL_01792,2026-07-15 19:00:00,BIN_027,Dining,101.9,2,True
COL_01793,2026-07-15 23:00:00,BIN_007,Central Campus,144.6,6,True
COL_01794,2026-07-16 00:00:00,BIN_017,South/West Quad,104.4,3,True
COL_01795,2026-07-16 05:00:00,BIN_008,Central Campus,300.2,5,True
COL_01796,2026-07-16 07:00:00,BIN_019,South/West Quad,207.3,3,True
COL_01797,2026-07-16 07:00:00,BIN_024,Dining,329.5,3,True
COL_01798,2026-07-16 10:00:00,BIN_021,South/West Quad,308.5,3,True
COL_01799,2026-07-16 11:00:00,BIN_026,Dining,224.0,2,True
COL_01800,2026-07-16 11:00:00,BIN_029,North Campus,156.1,5,True
COL_01801,2026-07-16 12:00:00,BIN_003,Central Campus,305.2,5,True
COL_01802,2026-07-16 12:00:00,BIN_033,North Campus,229.0,2,True
COL_01803,2026-07-16 13:00:00,BIN_005,Central Campus,96.8,3,True
COL_01804,2026-07-16 13:00:00,BIN_023,Dining,208.2,3,True
COL_01805,2026-07-16 13:00:00,BIN_025,Dining,282.1,6,True
COL_01806,2026-07-16 13:00:00,BIN_028,North Campus,152.9,2,True
COL_01807,2026-07-16 13:00:00,BIN_032,North Campus,140.4,6,True
COL_01808,2026-07-16 15:00:00,BIN_018,South/West Quad,102.5,3,True
COL_01809,2026-07-16 18:00:00,BIN_036,Library,227.8,4,True
COL_01810,2026-07-16 23:00:00,BIN_035,Library,109.6,5,True
COL_01811,2026-07-17 02:00:00,BIN_013,Michigan Stadium,340.6,2,True
COL_01812,2026-07-17 03:00:00,BIN_027,Dining,112.9,6,True
COL_01813,2026-07-17 07:00:00,BIN_002,Central Campus,326.5,4,True
COL_01814,2026-07-17 09:00:00,BIN_020,South/West Quad,201.5,5,True
COL_01815,2026-07-17 09:00:00,BIN_022,South/West Quad,298.1,4,True
COL_01816,2026-07-17 09:00:00,BIN_024,Dining,325.4,2,True
COL_01817,2026-07-17 10:00:00,BIN_001,Central Campus,149.9,4,True
COL_01818,2026-07-17 10:00:00,BIN_010,Michigan Stadium,227.4,6,True
COL_01819,2026-07-17 10:00:00,BIN_030,North Campus,300.3,6,True
COL_01820,2026-07-17 11:00:00,BIN_015,Michigan Stadium,316.6,2,True
COL_01821,2026-07-17 12:00:00,BIN_004,Central Campus,161.0,5,True
COL_01822,2026-07-17 12:00:00,BIN_006,Central Campus,219.0,2,True
COL_01823,2026-07-17 12:00:00,BIN_026,Dining,195.9,2,True
COL_01824,2026-07-17 12:00:00,BIN_031,North Campus,212.3,5,True
COL_01825,2026-07-17 17:00:00,BIN_025,Dining,330.3,5,True
COL_01826,2026-07-17 18:00:00,BIN_023,Dining,195.1,4,True
COL_01827,2026-07-17 18:00:00,BIN_034,Library,104.6,3,True
COL_01828,2026-07-17 20:00:00,BIN_017,South/West Quad,97.2,5,True
COL_01829,2026-07-18 00:00:00,BIN_007,Central Campus,170.3,5,True
COL_01830,2026-07-18 00:00:00,BIN_008,Central Campus,321.1,4,True
COL_01831,2026-07-18 04:00:00,BIN_027,Dining,101.2,3,True
COL_01832,2026-07-18 06:00:00,BIN_016,Michigan Stadium,94.2,3,True
COL_01833,2026-07-18 06:00:00,BIN_019,South/West Quad,217.0,3,True
COL_01834,2026-07-18 07:00:00,BIN_018,South/West Quad,110.3,6,True
COL_01835,2026-07-18 09:00:00,BIN_024,Dining,309.1,3,True
COL_01836,2026-07-18 10:00:00,BIN_021,South/West Quad,282.1,3,True
COL_01837,2026-07-18 13:00:00,BIN_026,Dining,205.4,6,True
COL_01838,2026-07-18 15:00:00,BIN_029,North Campus,150.2,3,True
COL_01839,2026-07-18 18:00:00,BIN_025,Dining,308.4,4,True
COL_01840,2026-07-18 18:00:00,BIN_033,North Campus,188.4,6,True
COL_01841,2026-07-18 19:00:00,BIN_009,Michigan Stadium,292.4,6,True
COL_01842,2026-07-18 20:00:00,BIN_003,Central Campus,335.9,5,True
COL_01843,2026-07-18 20:00:00,BIN_014,Michigan Stadium,326.0,6,True
COL_01844,2026-07-18 20:00:00,BIN_032,North Campus,147.3,4,True
COL_01845,2026-07-18 20:00:00,BIN_036,Library,199.2,3,True
COL_01846,2026-07-18 21:00:00,BIN_005,Central Campus,98.7,2,True
COL_01847,2026-07-18 21:00:00,BIN_023,Dining,220.5,6,True
COL_01848,2026-07-18 23:00:00,BIN_035,Library,103.5,2,True
COL_01849,2026-07-19 02:00:00,BIN_028,North Campus,170.0,4,True
COL_01850,2026-07-19 05:00:00,BIN_027,Dining,99.7,2,True
COL_01851,2026-07-19 08:00:00,BIN_022,South/West Quad,337.9,5,True
COL_01852,2026-07-19 09:00:00,BIN_020,South/West Quad,193.1,4,True
COL_01853,2026-07-19 12:00:00,BIN_024,Dining,338.1,2,True
COL_01854,2026-07-19 17:00:00,BIN_026,Dining,199.5,2,True
COL_01855,2026-07-19 18:00:00,BIN_034,Library,102.1,5,True
COL_01856,2026-07-19 19:00:00,BIN_017,South/West Quad,103.7,5,True
COL_01857,2026-07-19 19:00:00,BIN_025,Dining,329.9,5,True
COL_01858,2026-07-20 00:00:00,BIN_018,South/West Quad,95.7,2,True
COL_01859,2026-07-20 00:00:00,BIN_019,South/West Quad,213.7,3,True
COL_01860,2026-07-20 02:00:00,BIN_023,Dining,216.4,4,True
COL_01861,2026-07-20 03:00:00,BIN_021,South/West Quad,310.5,5,True
COL_01862,2026-07-20 09:00:00,BIN_027,Dining,95.4,6,True
COL_01863,2026-07-20 10:00:00,BIN_030,North Campus,337.2,2,True
COL_01864,2026-07-20 11:00:00,BIN_002,Central Campus,296.1,5,True
COL_01865,2026-07-20 12:00:00,BIN_006,Central Campus,227.4,3,True
COL_01866,2026-07-20 12:00:00,BIN_031,North Campus,202.3,2,True
COL_01867,2026-07-20 13:00:00,BIN_001,Central Campus,167.6,6,True
COL_01868,2026-07-20 13:00:00,BIN_004,Central Campus,160.0,5,True
COL_01869,2026-07-20 13:00:00,BIN_024,Dining,328.6,4,True
COL_01870,2026-07-20 19:00:00,BIN_008,Central Campus,314.7,2,True
COL_01871,2026-07-20 20:00:00,BIN_026,Dining,204.6,5,True
COL_01872,2026-07-20 20:00:00,BIN_036,Library,223.9,6,True
COL_01873,2026-07-21 00:00:00,BIN_025,Dining,294.5,3,True
COL_01874,2026-07-21 00:00:00,BIN_035,Library,105.0,4,True
COL_01875,2026-07-21 03:00:00,BIN_022,South/West Quad,281.8,6,True
COL_01876,2026-07-21 04:00:00,BIN_007,Central Campus,160.3,6,True
COL_01877,2026-07-21 05:00:00,BIN_020,South/West Quad,204.3,5,True
COL_01878,2026-07-21 06:00:00,BIN_023,Dining,223.4,2,True
COL_01879,2026-07-21 10:00:00,BIN_012,Michigan Stadium,153.2,6,True
COL_01880,2026-07-21 10:00:00,BIN_033,North Campus,202.4,4,True
COL_01881,2026-07-21 11:00:00,BIN_003,Central Campus,314.5,3,True
COL_01882,2026-07-21 11:00:00,BIN_028,North Campus,145.2,6,True
COL_01883,2026-07-21 12:00:00,BIN_027,Dining,94.8,4,True
COL_01884,2026-07-21 12:00:00,BIN_029,North Campus,160.1,6,True
COL_01885,2026-07-21 13:00:00,BIN_005,Central Campus,98.0,2,True
COL_01886,2026-07-21 13:00:00,BIN_032,North Campus,151.2,5,True
COL_01887,2026-07-21 15:00:00,BIN_018,South/West Quad,104.7,2,True
COL_01888,2026-07-21 17:00:00,BIN_017,South/West Quad,105.1,4,True
COL_01889,2026-07-21 17:00:00,BIN_024,Dining,300.5,4,True
COL_01890,2026-07-21 20:00:00,BIN_034,Library,111.0,2,True
COL_01891,2026-07-21 21:00:00,BIN_021,South/West Quad,329.7,6,True
COL_01892,2026-07-21 23:00:00,BIN_019,South/West Quad,230.2,4,True
COL_01893,2026-07-22 01:00:00,BIN_026,Dining,202.1,6,True
COL_01894,2026-07-22 03:00:00,BIN_025,Dining,312.3,3,True
COL_01895,2026-07-22 08:00:00,BIN_023,Dining,195.7,2,True
COL_01896,2026-07-22 10:00:00,BIN_002,Central Campus,331.9,2,True
COL_01897,2026-07-22 10:00:00,BIN_030,North Campus,334.7,4,True
COL_01898,2026-07-22 11:00:00,BIN_004,Central Campus,161.3,6,True
COL_01899,2026-07-22 11:00:00,BIN_011,Michigan Stadium,199.6,5,True
COL_01900,2026-07-22 12:00:00,BIN_006,Central Campus,202.8,6,True
COL_01901,2026-07-22 12:00:00,BIN_031,North Campus,219.2,3,True
COL_01902,2026-07-22 13:00:00,BIN_001,Central Campus,145.9,3,True
COL_01903,2026-07-22 13:00:00,BIN_027,Dining,96.6,3,True
COL_01904,2026-07-22 16:00:00,BIN_008,Central Campus,318.5,6,True
COL_01905,2026-07-22 18:00:00,BIN_024,Dining,286.1,2,True
COL_01906,2026-07-22 20:00:00,BIN_022,South/West Quad,340.6,3,True
COL_01907,2026-07-22 21:00:00,BIN_036,Library,228.7,4,True
COL_01908,2026-07-23 00:00:00,BIN_020,South/West Quad,189.7,3,True
COL_01909,2026-07-23 01:00:00,BIN_025,Dining,300.0,2,True
COL_01910,2026-07-23 01:00:00,BIN_035,Library,111.0,2,True
COL_01911,2026-07-23 02:00:00,BIN_007,Central Campus,159.3,4,True
COL_01912,2026-07-23 03:00:00,BIN_015,Michigan Stadium,335.8,4,True
COL_01913,2026-07-23 04:00:00,BIN_033,North Campus,216.5,6,True
COL_01914,2026-07-23 07:00:00,BIN_026,Dining,217.9,4,True
COL_01915,2026-07-23 08:00:00,BIN_010,Michigan Stadium,228.0,5,True
COL_01916,2026-07-23 08:00:00,BIN_023,Dining,221.5,5,True
COL_01917,2026-07-23 09:00:00,BIN_018,South/West Quad,104.7,6,True
COL_01918,2026-07-23 11:00:00,BIN_003,Central Campus,331.1,2,True
COL_01919,2026-07-23 12:00:00,BIN_005,Central Campus,108.7,5,True
COL_01920,2026-07-23 12:00:00,BIN_017,South/West Quad,114.0,3,True
COL_01921,2026-07-23 12:00:00,BIN_028,North Campus,150.7,6,True
COL_01922,2026-07-23 13:00:00,BIN_029,North Campus,169.5,6,True
COL_01923,2026-07-23 13:00:00,BIN_032,North Campus,157.7,2,True
COL_01924,2026-07-23 16:00:00,BIN_027,Dining,101.4,3,True
COL_01925,2026-07-23 19:00:00,BIN_021,South/West Quad,319.6,3,True
COL_01926,2026-07-23 19:00:00,BIN_024,Dining,327.1,6,True
COL_01927,2026-07-23 20:00:00,BIN_019,South/West Quad,205.7,6,True
COL_01928,2026-07-23 23:00:00,BIN_034,Library,99.7,3,True
COL_01929,2026-07-24 01:00:00,BIN_013,Michigan Stadium,286.2,5,True
COL_01930,2026-07-24 01:00:00,BIN_025,Dining,292.4,4,True
COL_01931,2026-07-24 09:00:00,BIN_026,Dining,196.1,5,True
COL_01932,2026-07-24 10:00:00,BIN_023,Dining,217.4,4,True
COL_01933,2026-07-24 10:00:00,BIN_030,North Campus,298.5,6,True
COL_01934,2026-07-24 12:00:00,BIN_002,Central Campus,312.2,3,True
COL_01935,2026-07-24 12:00:00,BIN_004,Central Campus,166.8,6,True
COL_01936,2026-07-24 12:00:00,BIN_031,North Campus,218.0,5,True
COL_01937,2026-07-24 13:00:00,BIN_006,Central Campus,209.5,5,True
COL_01938,2026-07-24 13:00:00,BIN_016,Michigan Stadium,94.7,5,True
COL_01939,2026-07-24 14:00:00,BIN_001,Central Campus,169.7,4,True
COL_01940,2026-07-24 14:00:00,BIN_008,Central Campus,311.1,4,True
COL_01941,2026-07-24 15:00:00,BIN_022,South/West Quad,314.9,3,True
COL_01942,2026-07-24 17:00:00,BIN_027,Dining,101.7,4,True
COL_01943,2026-07-24 18:00:00,BIN_033,North Campus,211.7,4,True
COL_01944,2026-07-24 20:00:00,BIN_036,Library,224.8,4,True
COL_01945,2026-07-24 21:00:00,BIN_009,Michigan Stadium,284.8,4,True
COL_01946,2026-07-24 21:00:00,BIN_020,South/West Quad,202.8,5,True
COL_01947,2026-07-24 22:00:00,BIN_035,Library,97.2,4,True
COL_01948,2026-07-25 01:00:00,BIN_024,Dining,294.9,3,True
COL_01949,2026-07-25 03:00:00,BIN_007,Central Campus,164.6,5,True
COL_01950,2026-07-25 03:00:00,BIN_018,South/West Quad,108.4,3,True
COL_01951,2026-07-25 04:00:00,BIN_017,South/West Quad,113.5,3,True
COL_01952,2026-07-25 04:00:00,BIN_025,Dining,321.8,5,True
COL_01953,2026-07-25 06:00:00,BIN_014,Michigan Stadium,302.2,4,True
COL_01954,2026-07-25 08:00:00,BIN_028,North Campus,141.5,2,True
COL_01955,2026-07-25 10:00:00,BIN_003,Central Campus,305.4,2,True
COL_01956,2026-07-25 10:00:00,BIN_021,South/West Quad,307.4,2,True
COL_01957,2026-07-25 11:00:00,BIN_023,Dining,195.9,3,True
COL_01958,2026-07-25 12:00:00,BIN_019,South/West Quad,224.4,2,True
COL_01959,2026-07-25 12:00:00,BIN_026,Dining,221.0,4,True
COL_01960,2026-07-25 17:00:00,BIN_027,Dining,112.1,2,True
COL_01961,2026-07-25 20:00:00,BIN_005,Central Campus,93.6,5,True
COL_01962,2026-07-25 22:00:00,BIN_032,North Campus,169.5,6,True
COL_01963,2026-07-25 22:00:00,BIN_034,Library,93.6,4,True
COL_01964,2026-07-26 00:00:00,BIN_029,North Campus,156.5,5,True
COL_01965,2026-07-26 03:00:00,BIN_024,Dining,330.7,2,True
COL_01966,2026-07-26 05:00:00,BIN_022,South/West Quad,289.3,6,True
COL_01967,2026-07-26 09:00:00,BIN_025,Dining,333.1,3,True
COL_01968,2026-07-26 12:00:00,BIN_023,Dining,210.2,4,True
COL_01969,2026-07-26 12:00:00,BIN_026,Dining,189.9,6,True
COL_01970,2026-07-26 15:00:00,BIN_012,Michigan Stadium,160.9,4,True
COL_01971,2026-07-26 16:00:00,BIN_020,South/West Quad,219.4,3,True
COL_01972,2026-07-26 17:00:00,BIN_011,Michigan Stadium,195.7,2,True
COL_01973,2026-07-26 19:00:00,BIN_027,Dining,106.4,2,True
COL_01974,2026-07-26 21:00:00,BIN_017,South/West Quad,99.9,5,True
COL_01975,2026-07-26 21:00:00,BIN_036,Library,216.3,5,True
COL_01976,2026-07-26 22:00:00,BIN_015,Michigan Stadium,289.0,5,True
COL_01977,2026-07-27 01:00:00,BIN_018,South/West Quad,99.1,5,True
COL_01978,2026-07-27 02:00:00,BIN_019,South/West Quad,191.6,5,True
COL_01979,2026-07-27 04:00:00,BIN_035,Library,98.7,2,True
COL_01980,2026-07-27 08:00:00,BIN_021,South/West Quad,311.3,2,True
COL_01981,2026-07-27 08:00:00,BIN_024,Dining,285.6,2,True
COL_01982,2026-07-27 12:00:00,BIN_010,Michigan Stadium,195.2,6,True
COL_01983,2026-07-27 12:00:00,BIN_025,Dining,285.7,2,True
COL_01984,2026-07-27 13:00:00,BIN_006,Central Campus,190.2,3,True
COL_01985,2026-07-27 14:00:00,BIN_004,Central Campus,161.8,4,True
COL_01986,2026-07-27 14:00:00,BIN_023,Dining,209.7,5,True
COL_01987,2026-07-27 14:00:00,BIN_030,North Campus,322.2,5,True
COL_01988,2026-07-27 15:00:00,BIN_002,Central Campus,283.7,3,True
COL_01989,2026-07-27 15:00:00,BIN_031,North Campus,228.5,2,True
COL_01990,2026-07-27 16:00:00,BIN_001,Central Campus,148.5,6,True
COL_01991,2026-07-27 16:00:00,BIN_026,Dining,204.1,6,True
COL_01992,2026-07-27 19:00:00,BIN_008,Central Campus,304.7,4,True
COL_01993,2026-07-27 20:00:00,BIN_033,North Campus,207.0,6,True
COL_01994,2026-07-27 23:00:00,BIN_013,Michigan Stadium,281.0,2,True
COL_01995,2026-07-27 23:00:00,BIN_022,South/West Quad,333.2,3,True
COL_01996,2026-07-28 01:00:00,BIN_034,Library,105.9,3,True
COL_01997,2026-07-28 02:00:00,BIN_027,Dining,95.0,3,True
COL_01998,2026-07-28 05:00:00,BIN_007,Central Campus,153.3,5,True
COL_01999,2026-07-28 07:00:00,BIN_003,Central Campus,342.3,3,True
COL_02000,2026-07-28 09:00:00,BIN_020,South/West Quad,188.0,3,True
COL_02001,2026-07-28 09:00:00,BIN_024,Dining,314.2,5,True
COL_02002,2026-07-28 10:00:00,BIN_005,Central Campus,105.1,5,True
COL_02003,2026-07-28 10:00:00,BIN_028,North Campus,160.6,2,True
COL_02004,2026-07-28 13:00:00,BIN_029,North Campus,154.9,6,True
COL_02005,2026-07-28 14:00:00,BIN_025,Dining,292.0,4,True
COL_02006,2026-07-28 15:00:00,BIN_032,North Campus,168.2,5,True
COL_02007,2026-07-28 16:00:00,BIN_017,South/West Quad,103.3,3,True
COL_02008,2026-07-28 17:00:00,BIN_023,Dining,192.0,4,True
COL_02009,2026-07-28 18:00:00,BIN_026,Dining,222.3,5,True
COL_02010,2026-07-28 19:00:00,BIN_036,Library,211.5,5,True
COL_02011,2026-07-28 20:00:00,BIN_018,South/West Quad,112.3,2,True
COL_02012,2026-07-28 20:00:00,BIN_019,South/West Quad,228.0,6,True
COL_02013,2026-07-28 23:00:00,BIN_021,South/West Quad,315.8,4,True
COL_02014,2026-07-28 23:00:00,BIN_035,Library,114.6,6,True
COL_02015,2026-07-29 00:00:00,BIN_009,Michigan Stadium,290.0,4,True
COL_02016,2026-07-29 01:00:00,BIN_016,Michigan Stadium,111.6,5,True
COL_02017,2026-07-29 03:00:00,BIN_027,Dining,112.5,2,True
COL_02018,2026-07-29 04:00:00,BIN_014,Michigan Stadium,327.7,3,True
COL_02019,2026-07-29 10:00:00,BIN_024,Dining,330.5,6,True
COL_02020,2026-07-29 12:00:00,BIN_004,Central Campus,147.4,3,True
COL_02021,2026-07-29 12:00:00,BIN_030,North Campus,342.7,3,True
COL_02022,2026-07-29 13:00:00,BIN_006,Central Campus,221.9,6,True
COL_02023,2026-07-29 14:00:00,BIN_031,North Campus,203.1,4,True
COL_02024,2026-07-29 15:00:00,BIN_008,Central Campus,308.9,4,True
COL_02025,2026-07-29 16:00:00,BIN_002,Central Campus,285.7,4,True
COL_02026,2026-07-29 17:00:00,BIN_001,Central Campus,144.3,5,True
COL_02027,2026-07-29 17:00:00,BIN_023,Dining,219.7,2,True
COL_02028,2026-07-29 17:00:00,BIN_025,Dining,302.9,2,True
COL_02029,2026-07-29 17:00:00,BIN_033,North Campus,192.0,2,True
COL_02030,2026-07-29 18:00:00,BIN_026,Dining,206.7,4,True
COL_02031,2026-07-29 21:00:00,BIN_022,South/West Quad,320.3,6,True
COL_02032,2026-07-29 21:00:00,BIN_034,Library,114.6,2,True
COL_02033,2026-07-30 00:00:00,BIN_003,Central Campus,343.8,4,True
COL_02034,2026-07-30 01:00:00,BIN_007,Central Campus,170.9,5,True
COL_02035,2026-07-30 03:00:00,BIN_005,Central Campus,106.3,5,True
COL_02036,2026-07-30 03:00:00,BIN_020,South/West Quad,220.1,5,True
COL_02037,2026-07-30 05:00:00,BIN_027,Dining,103.3,5,True
COL_02038,2026-07-30 06:00:00,BIN_028,North Campus,168.8,2,True
COL_02039,2026-07-30 07:00:00,BIN_017,South/West Quad,101.1,6,True
COL_02040,2026-07-30 11:00:00,BIN_019,South/West Quad,203.2,4,True
COL_02041,2026-07-30 11:00:00,BIN_024,Dining,312.0,2,True
COL_02042,2026-07-30 11:00:00,BIN_029,North Campus,143.3,2,True
COL_02043,2026-07-30 15:00:00,BIN_018,South/West Quad,109.8,2,True
COL_02044,2026-07-30 15:00:00,BIN_032,North Campus,152.3,6,True
COL_02045,2026-07-30 18:00:00,BIN_023,Dining,195.5,3,True
COL_02046,2026-07-30 19:00:00,BIN_021,South/West Quad,283.0,2,True
COL_02047,2026-07-30 19:00:00,BIN_025,Dining,342.2,2,True
COL_02048,2026-07-30 19:00:00,BIN_036,Library,227.1,6,True
COL_02049,2026-07-30 21:00:00,BIN_026,Dining,229.1,6,True
COL_02050,2026-07-30 22:00:00,BIN_035,Library,103.6,5,True
COL_02051,2026-07-31 09:00:00,BIN_027,Dining,97.9,2,True
COL_02052,2026-07-31 11:00:00,BIN_004,Central Campus,155.5,5,True
COL_02053,2026-07-31 12:00:00,BIN_024,Dining,302.6,5,True
COL_02054,2026-07-31 13:00:00,BIN_030,North Campus,339.3,4,True
COL_02055,2026-07-31 14:00:00,BIN_002,Central Campus,333.1,2,True
COL_02056,2026-07-31 14:00:00,BIN_006,Central Campus,223.3,4,True
COL_02057,2026-07-31 14:00:00,BIN_008,Central Campus,335.7,5,True
COL_02058,2026-07-31 14:00:00,BIN_031,North Campus,218.5,3,True
COL_02059,2026-07-31 17:00:00,BIN_001,Central Campus,167.8,2,True
COL_02060,2026-07-31 17:00:00,BIN_005,Central Campus,105.9,3,True
COL_02061,2026-07-31 18:00:00,BIN_003,Central Campus,331.4,4,True
COL_02062,2026-07-31 18:00:00,BIN_022,South/West Quad,334.0,6,True
COL_02063,2026-07-31 19:00:00,BIN_020,South/West Quad,213.5,3,True
COL_02064,2026-07-31 19:00:00,BIN_023,Dining,210.0,6,True
COL_02065,2026-07-31 19:00:00,BIN_028,North Campus,147.6,5,True
COL_02066,2026-07-31 19:00:00,BIN_033,North Campus,196.7,4,True
COL_02067,2026-07-31 21:00:00,BIN_025,Dining,329.3,3,True
COL_02068,2026-07-31 21:00:00,BIN_034,Library,97.8,4,True
COL_02069,2026-07-31 23:00:00,BIN_007,Central Campus,154.9,6,True
COL_02070,2026-07-31 23:00:00,BIN_012,Michigan Stadium,172.4,4,True
COL_02071,2026-08-01 03:00:00,BIN_026,Dining,191.6,2,True
COL_02072,2026-08-01 04:00:00,BIN_017,South/West Quad,109.7,2,True
COL_02073,2026-08-01 06:00:00,BIN_018,South/West Quad,114.7,4,True
COL_02074,2026-08-01 07:00:00,BIN_019,South/West Quad,201.7,5,True
COL_02075,2026-08-01 10:00:00,BIN_027,Dining,97.6,6,True
COL_02076,2026-08-01 11:00:00,BIN_021,South/West Quad,329.6,6,True
COL_02077,2026-08-01 13:00:00,BIN_024,Dining,332.7,3,True
COL_02078,2026-08-01 20:00:00,BIN_035,Library,109.4,4,True
COL_02079,2026-08-01 20:00:00,BIN_036,Library,210.7,2,True
COL_02080,2026-08-01 21:00:00,BIN_025,Dining,284.6,2,True
COL_02081,2026-08-01 22:00:00,BIN_029,North Campus,169.0,4,True
COL_02082,2026-08-01 23:00:00,BIN_015,Michigan Stadium,283.9,5,True
COL_02083,2026-08-02 03:00:00,BIN_011,Michigan Stadium,198.0,2,True
COL_02084,2026-08-02 03:00:00,BIN_023,Dining,191.8,2,True
COL_02085,2026-08-02 03:00:00,BIN_026,Dining,214.9,3,True
COL_02086,2026-08-02 05:00:00,BIN_010,Michigan Stadium,214.6,5,True
COL_02087,2026-08-02 08:00:00,BIN_022,South/West Quad,282.7,3,True
COL_02088,2026-08-02 09:00:00,BIN_013,Michigan Stadium,312.6,3,True
COL_02089,2026-08-02 09:00:00,BIN_032,North Campus,141.2,6,True
COL_02090,2026-08-02 12:00:00,BIN_027,Dining,111.0,6,True
COL_02091,2026-08-02 14:00:00,BIN_020,South/West Quad,203.4,2,True
COL_02092,2026-08-02 17:00:00,BIN_024,Dining,297.7,2,True
COL_02093,2026-08-02 20:00:00,BIN_034,Library,112.7,2,True
COL_02094,2026-08-02 22:00:00,BIN_017,South/West Quad,102.3,5,True
COL_02095,2026-08-03 00:00:00,BIN_025,Dining,309.8,5,True
COL_02096,2026-08-03 01:00:00,BIN_018,South/West Quad,96.8,3,True
COL_02097,2026-08-03 03:00:00,BIN_019,South/West Quad,221.1,2,True
COL_02098,2026-08-03 03:00:00,BIN_026,Dining,229.7,2,True
COL_02099,2026-08-03 07:00:00,BIN_023,Dining,202.5,4,True
COL_02100,2026-08-03 08:00:00,BIN_021,South/West Quad,303.4,2,True
COL_02101,2026-08-03 12:00:00,BIN_004,Central Campus,158.1,4,True
COL_02102,2026-08-03 13:00:00,BIN_027,Dining,110.1,2,True
COL_02103,2026-08-03 15:00:00,BIN_008,Central Campus,324.6,2,True
COL_02104,2026-08-03 15:00:00,BIN_031,North Campus,190.7,5,True
COL_02105,2026-08-03 16:00:00,BIN_006,Central Campus,193.1,4,True
COL_02106,2026-08-03 16:00:00,BIN_028,North Campus,142.8,2,True
COL_02107,2026-08-03 16:00:00,BIN_030,North Campus,295.5,2,True
COL_02108,2026-08-03 17:00:00,BIN_024,Dining,293.4,2,True
COL_02109,2026-08-03 17:00:00,BIN_033,North Campus,215.6,6,True
COL_02110,2026-08-03 18:00:00,BIN_036,Library,211.5,3,True
COL_02111,2026-08-03 20:00:00,BIN_035,Library,102.9,5,True
COL_02112,2026-08-03 22:00:00,BIN_002,Central Campus,305.1,2,True
COL_02113,2026-08-04 00:00:00,BIN_022,South/West Quad,342.6,5,True
COL_02114,2026-08-04 02:00:00,BIN_001,Central Campus,156.4,3,True
COL_02115,2026-08-04 02:00:00,BIN_005,Central Campus,106.5,2,True
COL_02116,2026-08-04 04:00:00,BIN_007,Central Campus,171.1,3,True
COL_02117,2026-08-04 05:00:00,BIN_003,Central Campus,289.0,2,True
COL_02118,2026-08-04 06:00:00,BIN_009,Michigan Stadium,285.6,5,True
COL_02119,2026-08-04 06:00:00,BIN_014,Michigan Stadium,334.5,2,True
COL_02120,2026-08-04 06:00:00,BIN_025,Dining,304.8,5,True
COL_02121,2026-08-04 08:00:00,BIN_020,South/West Quad,213.9,2,True
COL_02122,2026-08-04 08:00:00,BIN_026,Dining,192.1,5,True
COL_02123,2026-08-04 11:00:00,BIN_023,Dining,202.7,4,True
COL_02124,2026-08-04 13:00:00,BIN_016,Michigan Stadium,108.5,3,True
COL_02125,2026-08-04 13:00:00,BIN_029,North Campus,164.7,2,True
COL_02126,2026-08-04 13:00:00,BIN_032,North Campus,170.4,2,True
COL_02127,2026-08-04 16:00:00,BIN_017,South/West Quad,101.3,5,True
COL_02128,2026-08-04 16:00:00,BIN_027,Dining,104.6,4,True
COL_02129,2026-08-04 18:00:00,BIN_034,Library,97.9,2,True
COL_02130,2026-08-04 19:00:00,BIN_018,South/West Quad,94.8,3,True
COL_02131,2026-08-04 21:00:00,BIN_024,Dining,282.1,6,True
COL_02132,2026-08-04 22:00:00,BIN_019,South/West Quad,228.4,2,True
COL_02133,2026-08-05 00:00:00,BIN_021,South/West Quad,342.4,3,True
COL_02134,2026-08-05 07:00:00,BIN_025,Dining,300.2,5,True
COL_02135,2026-08-05 11:00:00,BIN_004,Central Campus,156.9,2,True
COL_02136,2026-08-05 12:00:00,BIN_023,Dining,209.9,4,True
COL_02137,2026-08-05 12:00:00,BIN_026,Dining,195.3,2,True
COL_02138,2026-08-05 14:00:00,BIN_031,North Campus,192.1,3,True
COL_02139,2026-08-05 15:00:00,BIN_008,Central Campus,302.6,5,True
COL_02140,2026-08-05 16:00:00,BIN_003,Central Campus,337.4,5,True
COL_02141,2026-08-05 16:00:00,BIN_006,Central Campus,217.2,3,True
COL_02142,2026-08-05 16:00:00,BIN_027,Dining,110.7,5,True
COL_02143,2026-08-05 16:00:00,BIN_028,North Campus,153.6,4,True
COL_02144,2026-08-05 16:00:00,BIN_030,North Campus,319.6,3,True
COL_02145,2026-08-05 17:00:00,BIN_002,Central Campus,322.4,5,True
COL_02146,2026-08-05 17:00:00,BIN_033,North Campus,226.9,3,True
COL_02147,2026-08-05 18:00:00,BIN_005,Central Campus,94.4,2,True
COL_02148,2026-08-05 19:00:00,BIN_001,Central Campus,153.6,2,True
COL_02149,2026-08-05 20:00:00,BIN_036,Library,210.9,5,True
COL_02150,2026-08-05 21:00:00,BIN_022,South/West Quad,334.4,4,True
COL_02151,2026-08-05 23:00:00,BIN_035,Library,108.7,6,True
COL_02152,2026-08-06 02:00:00,BIN_024,Dining,284.6,5,True
COL_02153,2026-08-06 04:00:00,BIN_007,Central Campus,142.1,3,True
COL_02154,2026-08-06 06:00:00,BIN_020,South/West Quad,192.3,6,True
COL_02155,2026-08-06 09:00:00,BIN_017,South/West Quad,108.1,6,True
COL_02156,2026-08-06 10:00:00,BIN_029,North Campus,143.6,6,True
COL_02157,2026-08-06 11:00:00,BIN_025,Dining,287.7,4,True
COL_02158,2026-08-06 13:00:00,BIN_023,Dining,194.0,6,True
COL_02159,2026-08-06 13:00:00,BIN_026,Dining,215.3,5,True
COL_02160,2026-08-06 13:00:00,BIN_032,North Campus,143.4,4,True
COL_02161,2026-08-06 16:00:00,BIN_027,Dining,103.5,6,True
COL_02162,2026-08-06 19:00:00,BIN_018,South/West Quad,106.1,3,True
COL_02163,2026-08-06 19:00:00,BIN_021,South/West Quad,301.8,4,True
COL_02164,2026-08-06 19:00:00,BIN_034,Library,95.7,2,True
COL_02165,2026-08-06 20:00:00,BIN_019,South/West Quad,187.9,2,True
COL_02166,2026-08-07 00:00:00,BIN_024,Dining,345.0,2,True
COL_02167,2026-08-07 12:00:00,BIN_004,Central Campus,147.6,4,True
COL_02168,2026-08-07 12:00:00,BIN_025,Dining,301.8,3,True
COL_02169,2026-08-07 13:00:00,BIN_008,Central Campus,329.2,4,True
COL_02170,2026-08-07 13:00:00,BIN_022,South/West Quad,328.0,4,True
COL_02171,2026-08-07 14:00:00,BIN_003,Central Campus,291.9,5,True
COL_02172,2026-08-07 14:00:00,BIN_006,Central Campus,187.9,3,True
COL_02173,2026-08-07 14:00:00,BIN_012,Michigan Stadium,167.8,4,True
COL_02174,2026-08-07 14:00:00,BIN_023,Dining,213.4,3,True
COL_02175,2026-08-07 14:00:00,BIN_030,North Campus,290.2,4,True
COL_02176,2026-08-07 14:00:00,BIN_031,North Campus,205.8,6,True
COL_02177,2026-08-07 15:00:00,BIN_002,Central Campus,334.2,3,True
COL_02178,2026-08-07 15:00:00,BIN_028,North Campus,148.2,5,True
COL_02179,2026-08-07 16:00:00,BIN_005,Central Campus,107.0,3,True
COL_02180,2026-08-07 18:00:00,BIN_001,Central Campus,152.9,4,True
COL_02181,2026-08-07 18:00:00,BIN_026,Dining,187.6,3,True
COL_02182,2026-08-07 18:00:00,BIN_027,Dining,97.0,5,True
COL_02183,2026-08-07 21:00:00,BIN_020,South/West Quad,224.6,6,True
COL_02184,2026-08-07 21:00:00,BIN_036,Library,208.9,3,True
COL_02185,2026-08-07 22:00:00,BIN_033,North Campus,220.2,5,True
COL_02186,2026-08-07 23:00:00,BIN_035,Library,100.7,4,True
COL_02187,2026-08-08 02:00:00,BIN_017,South/West Quad,97.2,6,True
COL_02188,2026-08-08 05:00:00,BIN_024,Dining,287.2,4,True
COL_02189,2026-08-08 06:00:00,BIN_029,North Campus,170.5,2,True
COL_02190,2026-08-08 08:00:00,BIN_007,Central Campus,168.0,5,True
COL_02191,2026-08-08 09:00:00,BIN_013,Michigan Stadium,296.6,5,True
COL_02192,2026-08-08 10:00:00,BIN_021,South/West Quad,294.2,4,True
COL_02193,2026-08-08 11:00:00,BIN_010,Michigan Stadium,216.0,3,True
COL_02194,2026-08-08 11:00:00,BIN_011,Michigan Stadium,206.6,3,True
COL_02195,2026-08-08 12:00:00,BIN_032,North Campus,169.6,5,True
COL_02196,2026-08-08 14:00:00,BIN_018,South/West Quad,110.4,6,True
COL_02197,2026-08-08 15:00:00,BIN_025,Dining,330.3,4,True
COL_02198,2026-08-08 16:00:00,BIN_019,South/West Quad,191.8,4,True
COL_02199,2026-08-08 18:00:00,BIN_015,Michigan Stadium,321.2,3,True
COL_02200,2026-08-08 18:00:00,BIN_023,Dining,202.6,3,True
COL_02201,2026-08-08 18:00:00,BIN_026,Dining,213.5,2,True
COL_02202,2026-08-08 21:00:00,BIN_027,Dining,100.0,5,True
COL_02203,2026-08-08 21:00:00,BIN_034,Library,98.4,2,True
COL_02204,2026-08-09 08:00:00,BIN_024,Dining,303.0,2,True
COL_02205,2026-08-09 09:00:00,BIN_022,South/West Quad,293.1,6,True
COL_02206,2026-08-09 17:00:00,BIN_014,Michigan Stadium,345.3,5,True
COL_02207,2026-08-09 17:00:00,BIN_025,Dining,285.8,2,True
COL_02208,2026-08-09 19:00:00,BIN_020,South/West Quad,225.3,5,True
COL_02209,2026-08-09 20:00:00,BIN_023,Dining,192.8,2,True
COL_02210,2026-08-09 21:00:00,BIN_026,Dining,187.3,3,True
COL_02211,2026-08-09 21:00:00,BIN_035,Library,111.4,3,True
COL_02212,2026-08-09 21:00:00,BIN_036,Library,225.1,4,True
COL_02213,2026-08-09 22:00:00,BIN_027,Dining,106.5,5,True
COL_02214,2026-08-09 23:00:00,BIN_017,South/West Quad,101.2,4,True
COL_02215,2026-08-10 00:00:00,BIN_009,Michigan Stadium,332.7,3,True
COL_02216,2026-08-10 05:00:00,BIN_021,South/West Quad,332.1,4,True
COL_02217,2026-08-10 08:00:00,BIN_018,South/West Quad,98.8,4,True
COL_02218,2026-08-10 08:00:00,BIN_019,South/West Quad,196.0,4,True
COL_02219,2026-08-10 10:00:00,BIN_024,Dining,304.3,3,True
COL_02220,2026-08-10 12:00:00,BIN_002,Central Campus,309.0,2,True
COL_02221,2026-08-10 12:00:00,BIN_006,Central Campus,216.3,4,True
COL_02222,2026-08-10 13:00:00,BIN_004,Central Campus,157.4,5,True
COL_02223,2026-08-10 14:00:00,BIN_003,Central Campus,287.9,6,True
COL_02224,2026-08-10 14:00:00,BIN_005,Central Campus,94.5,2,True
COL_02225,2026-08-10 14:00:00,BIN_008,Central Campus,300.7,4,True
COL_02226,2026-08-10 15:00:00,BIN_001,Central Campus,167.1,6,True
COL_02227,2026-08-10 15:00:00,BIN_016,Michigan Stadium,106.6,6,True
COL_02228,2026-08-10 15:00:00,BIN_028,North Campus,172.0,4,True
COL_02229,2026-08-10 15:00:00,BIN_030,North Campus,297.0,6,True
COL_02230,2026-08-10 15:00:00,BIN_031,North Campus,214.9,3,True
COL_02231,2026-08-10 21:00:00,BIN_023,Dining,221.6,5,True
COL_02232,2026-08-10 21:00:00,BIN_025,Dining,323.0,4,True
COL_02233,2026-08-10 23:00:00,BIN_022,South/West Quad,282.8,6,True
COL_02234,2026-08-10 23:00:00,BIN_034,Library,95.8,4,True
COL_02235,2026-08-11 00:00:00,BIN_026,Dining,227.0,5,True
COL_02236,2026-08-11 00:00:00,BIN_027,Dining,112.3,3,True
COL_02237,2026-08-11 07:00:00,BIN_033,North Campus,206.5,2,True
COL_02238,2026-08-11 08:00:00,BIN_029,North Campus,150.0,3,True
COL_02239,2026-08-11 09:00:00,BIN_007,Central Campus,159.1,2,True
COL_02240,2026-08-11 11:00:00,BIN_032,North Campus,163.4,4,True
COL_02241,2026-08-11 12:00:00,BIN_024,Dining,345.3,3,True
COL_02242,2026-08-11 14:00:00,BIN_020,South/West Quad,208.9,3,True
COL_02243,2026-08-11 16:00:00,BIN_017,South/West Quad,97.5,2,True
COL_02244,2026-08-11 18:00:00,BIN_035,Library,94.6,4,True
COL_02245,2026-08-11 18:00:00,BIN_036,Library,189.7,4,True
COL_02246,2026-08-11 23:00:00,BIN_021,South/West Quad,323.6,5,True
COL_02247,2026-08-11 23:00:00,BIN_023,Dining,206.7,6,True
COL_02248,2026-08-12 01:00:00,BIN_018,South/West Quad,108.0,6,True
COL_02249,2026-08-12 03:00:00,BIN_025,Dining,332.3,4,True
COL_02250,2026-08-12 04:00:00,BIN_026,Dining,212.1,6,True
COL_02251,2026-08-12 05:00:00,BIN_027,Dining,100.3,2,True
COL_02252,2026-08-12 09:00:00,BIN_019,South/West Quad,193.3,2,True
COL_02253,2026-08-12 10:00:00,BIN_008,Central Campus,313.3,6,True
COL_02254,2026-08-12 12:00:00,BIN_002,Central Campus,317.4,3,True
COL_02255,2026-08-12 12:00:00,BIN_003,Central Campus,333.2,4,True
COL_02256,2026-08-12 12:00:00,BIN_004,Central Campus,172.1,4,True
COL_02257,2026-08-12 12:00:00,BIN_005,Central Campus,103.2,3,True
COL_02258,2026-08-12 12:00:00,BIN_024,Dining,304.0,3,True
COL_02259,2026-08-12 14:00:00,BIN_001,Central Campus,169.3,5,True
COL_02260,2026-08-12 14:00:00,BIN_006,Central Campus,206.3,6,True
COL_02261,2026-08-12 15:00:00,BIN_028,North Campus,167.9,4,True
COL_02262,2026-08-12 15:00:00,BIN_030,North Campus,329.0,5,True
COL_02263,2026-08-12 15:00:00,BIN_031,North Campus,209.0,4,True
COL_02264,2026-08-12 20:00:00,BIN_033,North Campus,208.2,4,True
COL_02265,2026-08-12 22:00:00,BIN_022,South/West Quad,298.9,5,True
COL_02266,2026-08-12 23:00:00,BIN_007,Central Campus,143.6,6,True
COL_02267,2026-08-13 01:00:00,BIN_025,Dining,298.9,5,True
COL_02268,2026-08-13 02:00:00,BIN_029,North Campus,170.7,3,True
COL_02269,2026-08-13 03:00:00,BIN_023,Dining,194.8,2,True
COL_02270,2026-08-13 03:00:00,BIN_034,Library,109.5,3,True
COL_02271,2026-08-13 04:00:00,BIN_027,Dining,96.3,5,True
COL_02272,2026-08-13 08:00:00,BIN_026,Dining,198.3,4,True
COL_02273,2026-08-13 09:00:00,BIN_017,South/West Quad,101.8,5,True
COL_02274,2026-08-13 10:00:00,BIN_020,South/West Quad,219.1,3,True
COL_02275,2026-08-13 13:00:00,BIN_024,Dining,341.2,6,True
COL_02276,2026-08-13 13:00:00,BIN_032,North Campus,144.5,2,True
COL_02277,2026-08-13 17:00:00,BIN_012,Michigan Stadium,162.8,2,True
COL_02278,2026-08-13 19:00:00,BIN_036,Library,211.1,5,True
COL_02279,2026-08-13 20:00:00,BIN_018,South/West Quad,103.3,3,True
COL_02280,2026-08-13 20:00:00,BIN_021,South/West Quad,315.4,5,True
COL_02281,2026-08-13 21:00:00,BIN_035,Library,107.0,4,True
COL_02282,2026-08-13 23:00:00,BIN_019,South/West Quad,195.1,3,True
COL_02283,2026-08-14 07:00:00,BIN_025,Dining,325.4,6,True
COL_02284,2026-08-14 07:00:00,BIN_027,Dining,107.6,4,True
COL_02285,2026-08-14 08:00:00,BIN_023,Dining,198.7,3,True
COL_02286,2026-08-14 09:00:00,BIN_002,Central Campus,286.4,2,True
COL_02287,2026-08-14 09:00:00,BIN_008,Central Campus,310.3,4,True
COL_02288,2026-08-14 09:00:00,BIN_026,Dining,192.4,4,True
COL_02289,2026-08-14 13:00:00,BIN_003,Central Campus,287.1,2,True
COL_02290,2026-08-14 13:00:00,BIN_004,Central Campus,140.7,6,True
COL_02291,2026-08-14 13:00:00,BIN_024,Dining,288.4,4,True
COL_02292,2026-08-14 14:00:00,BIN_005,Central Campus,98.0,6,True
COL_02293,2026-08-14 15:00:00,BIN_001,Central Campus,163.2,3,True
COL_02294,2026-08-14 15:00:00,BIN_006,Central Campus,203.3,5,True
COL_02295,2026-08-14 15:00:00,BIN_030,North Campus,300.6,3,True
COL_02296,2026-08-14 15:00:00,BIN_031,North Campus,206.1,2,True
COL_02297,2026-08-14 16:00:00,BIN_028,North Campus,142.4,6,True
COL_02298,2026-08-14 16:00:00,BIN_033,North Campus,225.5,2,True
COL_02299,2026-08-14 20:00:00,BIN_007,Central Campus,168.0,2,True
COL_02300,2026-08-14 20:00:00,BIN_011,Michigan Stadium,194.0,6,True
COL_02301,2026-08-14 21:00:00,BIN_022,South/West Quad,316.5,4,True
COL_02302,2026-08-14 23:00:00,BIN_010,Michigan Stadium,228.1,4,True
COL_02303,2026-08-14 23:00:00,BIN_034,Library,115.0,3,True
COL_02304,2026-08-15 00:00:00,BIN_029,North Campus,166.9,3,True
COL_02305,2026-08-15 05:00:00,BIN_015,Michigan Stadium,314.5,3,True
COL_02306,2026-08-15 07:00:00,BIN_017,South/West Quad,96.9,6,True
COL_02307,2026-08-15 08:00:00,BIN_013,Michigan Stadium,311.1,3,True
COL_02308,2026-08-15 08:00:00,BIN_020,South/West Quad,193.9,2,True
COL_02309,2026-08-15 08:00:00,BIN_023,Dining,192.5,2,True
COL_02310,2026-08-15 08:00:00,BIN_025,Dining,297.4,5,True
COL_02311,2026-08-15 10:00:00,BIN_014,Michigan Stadium,344.1,6,True
COL_02312,2026-08-15 10:00:00,BIN_026,Dining,206.9,4,True
COL_02313,2026-08-15 11:00:00,BIN_021,South/West Quad,344.9,3,True
COL_02314,2026-08-15 11:00:00,BIN_027,Dining,102.2,5,True
COL_02315,2026-08-15 16:00:00,BIN_018,South/West Quad,106.0,3,True
COL_02316,2026-08-15 17:00:00,BIN_024,Dining,290.9,6,True
COL_02317,2026-08-15 17:00:00,BIN_032,North Campus,153.1,2,True
COL_02318,2026-08-15 17:00:00,BIN_036,Library,202.2,5,True
COL_02319,2026-08-15 19:00:00,BIN_019,South/West Quad,219.4,5,True
COL_02320,2026-08-16 00:00:00,BIN_035,Library,93.7,6,True
COL_02321,2026-08-16 09:00:00,BIN_009,Michigan Stadium,291.5,4,True
COL_02322,2026-08-16 11:00:00,BIN_023,Dining,196.8,2,True
COL_02323,2026-08-16 11:00:00,BIN_025,Dining,341.5,3,True
COL_02324,2026-08-16 11:00:00,BIN_026,Dining,206.6,5,True
COL_02325,2026-08-16 12:00:00,BIN_027,Dining,111.3,5,True
COL_02326,2026-08-16 13:00:00,BIN_016,Michigan Stadium,96.3,3,True
COL_02327,2026-08-16 13:00:00,BIN_022,South/West Quad,339.3,2,True
COL_02328,2026-08-16 18:00:00,BIN_024,Dining,333.3,2,True
COL_02329,2026-08-16 22:00:00,BIN_017,South/West Quad,109.7,6,True
COL_02330,2026-08-16 23:00:00,BIN_020,South/West Quad,189.8,2,True
COL_02331,2026-08-16 23:00:00,BIN_034,Library,114.6,6,True
COL_02332,2026-08-17 04:00:00,BIN_021,South/West Quad,282.0,6,True
COL_02333,2026-08-17 08:00:00,BIN_018,South/West Quad,104.1,3,True
COL_02334,2026-08-17 09:00:00,BIN_002,Central Campus,307.5,2,True
COL_02335,2026-08-17 10:00:00,BIN_008,Central Campus,341.6,3,True
COL_02336,2026-08-17 11:00:00,BIN_004,Central Campus,170.2,2,True
COL_02337,2026-08-17 12:00:00,BIN_026,Dining,200.7,4,True
COL_02338,2026-08-17 12:00:00,BIN_036,Library,226.6,4,True
COL_02339,2026-08-17 13:00:00,BIN_006,Central Campus,227.6,4,True
COL_02340,2026-08-17 13:00:00,BIN_019,South/West Quad,219.4,6,True
COL_02341,2026-08-17 13:00:00,BIN_023,Dining,221.5,4,True
COL_02342,2026-08-17 13:00:00,BIN_025,Dining,297.2,6,True
COL_02343,2026-08-17 13:00:00,BIN_027,Dining,104.3,6,True
COL_02344,2026-08-17 16:00:00,BIN_030,North Campus,344.9,3,True
COL_02345,2026-08-17 17:00:00,BIN_003,Central Campus,314.7,5,True
COL_02346,2026-08-17 17:00:00,BIN_005,Central Campus,112.1,5,True
COL_02347,2026-08-17 18:00:00,BIN_031,North Campus,214.3,4,True
COL_02348,2026-08-17 19:00:00,BIN_024,Dining,322.0,5,True
COL_02349,2026-08-17 19:00:00,BIN_028,North Campus,142.3,3,True
COL_02350,2026-08-17 20:00:00,BIN_012,Michigan Stadium,169.7,5,True
COL_02351,2026-08-17 23:00:00,BIN_007,Central Campus,167.6,4,True
COL_02352,2026-08-18 01:00:00,BIN_001,Central Campus,152.5,4,True
COL_02353,2026-08-18 02:00:00,BIN_035,Library,111.1,3,True
COL_02354,2026-08-18 03:00:00,BIN_033,North Campus,226.2,2,True
COL_02355,2026-08-18 04:00:00,BIN_029,North Campus,149.9,6,True
COL_02356,2026-08-18 06:00:00,BIN_032,North Campus,171.5,6,True
COL_02357,2026-08-18 08:00:00,BIN_022,South/West Quad,301.3,6,True
COL_02358,2026-08-18 12:00:00,BIN_026,Dining,194.3,4,True
COL_02359,2026-08-18 13:00:00,BIN_011,Michigan Stadium,221.1,2,True
COL_02360,2026-08-18 14:00:00,BIN_017,South/West Quad,113.2,6,True
COL_02361,2026-08-18 15:00:00,BIN_025,Dining,339.3,4,True
COL_02362,2026-08-18 17:00:00,BIN_023,Dining,228.6,2,True
COL_02363,2026-08-18 18:00:00,BIN_027,Dining,111.9,3,True
COL_02364,2026-08-18 19:00:00,BIN_020,South/West Quad,205.8,2,True
COL_02365,2026-08-18 22:00:00,BIN_024,Dining,344.0,5,True
COL_02366,2026-08-18 23:00:00,BIN_021,South/West Quad,320.7,4,True
COL_02367,2026-08-19 00:00:00,BIN_034,Library,101.8,2,True
COL_02368,2026-08-19 01:00:00,BIN_014,Michigan Stadium,299.8,5,True
COL_02369,2026-08-19 02:00:00,BIN_010,Michigan Stadium,197.0,2,True
COL_02370,2026-08-19 04:00:00,BIN_018,South/West Quad,98.7,3,True
COL_02371,2026-08-19 07:00:00,BIN_013,Michigan Stadium,289.5,4,True
COL_02372,2026-08-19 07:00:00,BIN_019,South/West Quad,206.5,4,True
COL_02373,2026-08-19 09:00:00,BIN_002,Central Campus,343.7,4,True
COL_02374,2026-08-19 09:00:00,BIN_004,Central Campus,152.7,2,True
COL_02375,2026-08-19 12:00:00,BIN_006,Central Campus,226.9,3,True
COL_02376,2026-08-19 12:00:00,BIN_008,Central Campus,312.9,3,True
COL_02377,2026-08-19 12:00:00,BIN_036,Library,224.2,4,True
COL_02378,2026-08-19 14:00:00,BIN_009,Michigan Stadium,301.4,3,True
COL_02379,2026-08-19 14:00:00,BIN_026,Dining,191.9,5,True
COL_02380,2026-08-19 16:00:00,BIN_028,North Campus,156.6,2,True
COL_02381,2026-08-19 17:00:00,BIN_005,Central Campus,102.0,3,True
COL_02382,2026-08-19 17:00:00,BIN_015,Michigan Stadium,312.4,2,True
COL_02383,2026-08-19 17:00:00,BIN_023,Dining,198.5,3,True
COL_02384,2026-08-19 17:00:00,BIN_025,Dining,285.7,3,True
COL_02385,2026-08-19 17:00:00,BIN_029,North Campus,159.4,3,True
COL_02386,2026-08-19 17:00:00,BIN_031,North Campus,223.9,6,True
COL_02387,2026-08-19 18:00:00,BIN_030,North Campus,327.7,5,True
COL_02388,2026-08-19 19:00:00,BIN_027,Dining,111.6,4,True
COL_02389,2026-08-19 20:00:00,BIN_033,North Campus,223.0,5,True
COL_02390,2026-08-19 21:00:00,BIN_003,Central Campus,332.8,5,True
COL_02391,2026-08-19 21:00:00,BIN_007,Central Campus,162.8,3,True
COL_02392,2026-08-19 22:00:00,BIN_032,North Campus,163.8,5,True
COL_02393,2026-08-19 23:00:00,BIN_001,Central Campus,172.5,6,True
COL_02394,2026-08-19 23:00:00,BIN_035,Library,106.8,6,True
COL_02395,2026-08-20 03:00:00,BIN_024,Dining,336.8,6,True
COL_02396,2026-08-20 05:00:00,BIN_022,South/West Quad,306.2,2,True
COL_02397,2026-08-20 10:00:00,BIN_017,South/West Quad,112.0,4,True
COL_02398,2026-08-20 11:00:00,BIN_020,South/West Quad,211.0,2,True
COL_02399,2026-08-20 18:00:00,BIN_023,Dining,227.1,5,True
COL_02400,2026-08-20 18:00:00,BIN_025,Dining,328.2,3,True
COL_02401,2026-08-20 18:00:00,BIN_026,Dining,194.7,6,True
COL_02402,2026-08-20 19:00:00,BIN_018,South/West Quad,99.6,4,True
COL_02403,2026-08-20 21:00:00,BIN_021,South/West Quad,300.6,5,True
COL_02404,2026-08-20 22:00:00,BIN_019,South/West Quad,193.1,6,True
COL_02405,2026-08-20 23:00:00,BIN_002,Central Campus,306.2,6,True
COL_02406,2026-08-21 00:00:00,BIN_027,Dining,110.9,2,True
COL_02407,2026-08-21 01:00:00,BIN_016,Michigan Stadium,106.2,4,True
COL_02408,2026-08-21 01:00:00,BIN_034,Library,101.6,2,True
COL_02409,2026-08-21 05:00:00,BIN_024,Dining,329.9,3,True
COL_02410,2026-08-21 08:00:00,BIN_004,Central Campus,158.0,3,True
COL_02411,2026-08-21 09:00:00,BIN_008,Central Campus,331.9,5,True
COL_02412,2026-08-21 11:00:00,BIN_006,Central Campus,213.8,3,True
COL_02413,2026-08-21 13:00:00,BIN_036,Library,224.7,2,True
COL_02414,2026-08-21 14:00:00,BIN_005,Central Campus,111.7,5,True
COL_02415,2026-08-21 15:00:00,BIN_028,North Campus,166.7,2,True
COL_02416,2026-08-21 15:00:00,BIN_030,North Campus,336.8,2,True
COL_02417,2026-08-21 16:00:00,BIN_007,Central Campus,167.3,6,True
COL_02418,2026-08-21 17:00:00,BIN_003,Central Campus,304.0,2,True
COL_02419,2026-08-21 18:00:00,BIN_023,Dining,203.8,4,True
COL_02420,2026-08-21 19:00:00,BIN_001,Central Campus,164.2,2,True
COL_02421,2026-08-21 19:00:00,BIN_025,Dining,318.1,5,True
COL_02422,2026-08-21 19:00:00,BIN_026,Dining,212.0,6,True
COL_02423,2026-08-21 19:00:00,BIN_031,North Campus,228.0,6,True
COL_02424,2026-08-21 19:00:00,BIN_032,North Campus,155.6,6,True
COL_02425,2026-08-21 19:00:00,BIN_033,North Campus,226.2,4,True
COL_02426,2026-08-21 20:00:00,BIN_029,North Campus,157.5,5,True
COL_02427,2026-08-21 22:00:00,BIN_035,Library,110.8,2,True
COL_02428,2026-08-22 02:00:00,BIN_017,South/West Quad,113.6,5,True
COL_02429,2026-08-22 02:00:00,BIN_022,South/West Quad,308.4,2,True
COL_02430,2026-08-22 05:00:00,BIN_027,Dining,113.4,5,True
COL_02431,2026-08-22 07:00:00,BIN_020,South/West Quad,225.4,4,True
COL_02432,2026-08-22 07:00:00,BIN_024,Dining,292.6,2,True
COL_02433,2026-08-22 11:00:00,BIN_018,South/West Quad,103.8,2,True
COL_02434,2026-08-22 11:00:00,BIN_021,South/West Quad,294.7,2,True
COL_02435,2026-08-22 18:00:00,BIN_019,South/West Quad,195.7,3,True
COL_02436,2026-08-22 18:00:00,BIN_023,Dining,219.2,6,True
COL_02437,2026-08-22 21:00:00,BIN_025,Dining,331.3,4,True
COL_02438,2026-08-23 01:00:00,BIN_026,Dining,213.6,2,True
COL_02439,2026-08-23 03:00:00,BIN_027,Dining,109.5,4,True
COL_02440,2026-08-23 09:00:00,BIN_024,Dining,296.2,3,True
COL_02441,2026-08-23 09:00:00,BIN_034,Library,108.2,3,True
COL_02442,2026-08-23 11:00:00,BIN_036,Library,204.8,3,True
COL_02443,2026-08-23 18:00:00,BIN_023,Dining,216.8,5,True
COL_02444,2026-08-23 20:00:00,BIN_017,South/West Quad,96.6,2,True
COL_02445,2026-08-23 20:00:00,BIN_022,South/West Quad,281.1,6,True
COL_02446,2026-08-23 22:00:00,BIN_020,South/West Quad,212.5,3,True
COL_02447,2026-08-24 01:00:00,BIN_002,Central Campus,344.6,4,True
COL_02448,2026-08-24 01:00:00,BIN_035,Library,103.1,5,True
COL_02449,2026-08-24 03:00:00,BIN_012,Michigan Stadium,158.0,5,True
COL_02450,2026-08-24 03:00:00,BIN_025,Dining,324.4,4,True
COL_02451,2026-08-24 04:00:00,BIN_018,South/West Quad,102.6,2,True
COL_02452,2026-08-24 04:00:00,BIN_021,South/West Quad,310.0,3,True
COL_02453,2026-08-24 06:00:00,BIN_004,Central Campus,164.7,2,True
COL_02454,2026-08-24 06:00:00,BIN_027,Dining,108.0,2,True
COL_02455,2026-08-24 07:00:00,BIN_026,Dining,203.3,3,True
COL_02456,2026-08-24 11:00:00,BIN_019,South/West Quad,221.4,6,True
COL_02457,2026-08-24 11:00:00,BIN_024,Dining,326.4,3,True
COL_02458,2026-08-24 12:00:00,BIN_006,Central Campus,211.4,2,True
COL_02459,2026-08-24 13:00:00,BIN_008,Central Campus,310.0,3,True
COL_02460,2026-08-24 13:00:00,BIN_010,Michigan Stadium,203.0,2,True
COL_02461,2026-08-24 14:00:00,BIN_005,Central Campus,95.9,4,True
COL_02462,2026-08-24 16:00:00,BIN_011,Michigan Stadium,217.5,4,True
COL_02463,2026-08-24 16:00:00,BIN_033,North Campus,217.8,3,True
COL_02464,2026-08-24 17:00:00,BIN_001,Central Campus,163.3,4,True
COL_02465,2026-08-24 18:00:00,BIN_030,North Campus,304.1,3,True
COL_02466,2026-08-24 21:00:00,BIN_023,Dining,212.3,2,True
COL_02467,2026-08-24 22:00:00,BIN_032,North Campus,151.3,5,True
COL_02468,2026-08-24 23:00:00,BIN_007,Central Campus,169.2,5,True
COL_02469,2026-08-24 23:00:00,BIN_028,North Campus,163.6,4,True
COL_02470,2026-08-25 02:00:00,BIN_031,North Campus,223.9,5,True
COL_02471,2026-08-25 04:00:00,BIN_003,Central Campus,300.4,4,True
COL_02472,2026-08-25 05:00:00,BIN_034,Library,96.3,4,True
COL_02473,2026-08-25 06:00:00,BIN_025,Dining,336.0,5,True
COL_02474,2026-08-25 06:00:00,BIN_026,Dining,187.5,5,True
COL_02475,2026-08-25 10:00:00,BIN_014,Michigan Stadium,305.0,6,True
COL_02476,2026-08-25 10:00:00,BIN_027,Dining,114.9,2,True
COL_02477,2026-08-25 11:00:00,BIN_024,Dining,338.0,5,True
COL_02478,2026-08-25 11:00:00,BIN_029,North Campus,165.1,3,True
COL_02479,2026-08-25 12:00:00,BIN_013,Michigan Stadium,282.4,5,True
COL_02480,2026-08-25 12:00:00,BIN_036,Library,214.7,5,True
COL_02481,2026-08-25 14:00:00,BIN_015,Michigan Stadium,342.9,6,True
COL_02482,2026-08-25 14:00:00,BIN_017,South/West Quad,111.6,2,True
COL_02483,2026-08-25 14:00:00,BIN_022,South/West Quad,332.7,4,True
COL_02484,2026-08-25 15:00:00,BIN_009,Michigan Stadium,322.1,4,True
COL_02485,2026-08-25 19:00:00,BIN_021,South/West Quad,320.7,3,True
COL_02486,2026-08-25 20:00:00,BIN_020,South/West Quad,218.3,3,True
COL_02487,2026-08-25 21:00:00,BIN_018,South/West Quad,105.4,2,True
COL_02488,2026-08-25 22:00:00,BIN_004,Central Campus,152.2,5,True
COL_02489,2026-08-25 23:00:00,BIN_002,Central Campus,337.3,6,True
COL_02490,2026-08-26 04:00:00,BIN_035,Library,113.9,5,True
COL_02491,2026-08-26 05:00:00,BIN_023,Dining,224.4,4,True
COL_02492,2026-08-26 07:00:00,BIN_025,Dining,308.2,2,True
COL_02493,2026-08-26 09:00:00,BIN_019,South/West Quad,221.8,5,True
COL_02494,2026-08-26 09:00:00,BIN_026,Dining,196.9,3,True
COL_02495,2026-08-26 12:00:00,BIN_027,Dining,108.6,4,True
COL_02496,2026-08-26 13:00:00,BIN_008,Central Campus,297.9,5,True
COL_02497,2026-08-26 13:00:00,BIN_024,Dining,342.6,6,True
COL_02498,2026-08-26 14:00:00,BIN_001,Central Campus,165.9,6,True
COL_02499,2026-08-26 14:00:00,BIN_005,Central Campus,94.2,5,True
COL_02500,2026-08-26 14:00:00,BIN_006,Central Campus,192.4,6,True
COL_02501,2026-08-26 16:00:00,BIN_028,North Campus,160.6,2,True
COL_02502,2026-08-26 17:00:00,BIN_007,Central Campus,164.0,3,True
COL_02503,2026-08-26 17:00:00,BIN_030,North Campus,296.4,6,True
COL_02504,2026-08-26 18:00:00,BIN_031,North Campus,211.6,4,True
COL_02505,2026-08-26 18:00:00,BIN_032,North Campus,154.1,4,True
COL_02506,2026-08-26 19:00:00,BIN_033,North Campus,220.5,4,True
COL_02507,2026-08-26 21:00:00,BIN_003,Central Campus,290.7,6,True
COL_02508,2026-08-27 03:00:00,BIN_016,Michigan Stadium,104.8,5,True
COL_02509,2026-08-27 06:00:00,BIN_023,Dining,226.9,4,True
COL_02510,2026-08-27 07:00:00,BIN_022,South/West Quad,342.7,2,True
COL_02511,2026-08-27 08:00:00,BIN_017,South/West Quad,102.1,3,True
COL_02512,2026-08-27 09:00:00,BIN_034,Library,103.8,6,True
COL_02513,2026-08-27 09:00:00,BIN_036,Library,226.5,4,True
COL_02514,2026-08-27 10:00:00,BIN_021,South/West Quad,329.9,4,True
COL_02515,2026-08-27 10:00:00,BIN_025,Dining,324.1,3,True
COL_02516,2026-08-27 12:00:00,BIN_026,Dining,201.3,4,True
COL_02517,2026-08-27 13:00:00,BIN_027,Dining,96.4,6,True
COL_02518,2026-08-27 13:00:00,BIN_029,North Campus,150.5,5,True
COL_02519,2026-08-27 15:00:00,BIN_024,Dining,320.9,2,True
COL_02520,2026-08-27 16:00:00,BIN_020,South/West Quad,199.4,4,True
COL_02521,2026-08-27 17:00:00,BIN_004,Central Campus,164.1,6,True
COL_02522,2026-08-27 18:00:00,BIN_018,South/West Quad,96.7,3,True
COL_02523,2026-08-27 19:00:00,BIN_002,Central Campus,317.9,5,True
COL_02524,2026-08-27 23:00:00,BIN_035,Library,99.2,3,True
COL_02525,2026-08-28 02:00:00,BIN_019,South/West Quad,202.6,2,True
COL_02526,2026-08-28 06:00:00,BIN_023,Dining,190.7,2,True
COL_02527,2026-08-28 11:00:00,BIN_006,Central Campus,189.5,6,True
COL_02528,2026-08-28 12:00:00,BIN_025,Dining,341.5,6,True
COL_02529,2026-08-28 13:00:00,BIN_001,Central Campus,141.0,6,True
COL_02530,2026-08-28 13:00:00,BIN_026,Dining,193.7,3,True
COL_02531,2026-08-28 14:00:00,BIN_005,Central Campus,96.0,3,True
COL_02532,2026-08-28 15:00:00,BIN_008,Central Campus,302.4,3,True
COL_02533,2026-08-28 16:00:00,BIN_007,Central Campus,148.9,5,True
COL_02534,2026-08-28 16:00:00,BIN_028,North Campus,150.1,4,True
COL_02535,2026-08-28 16:00:00,BIN_030,North Campus,317.3,6,True
COL_02536,2026-08-28 16:00:00,BIN_033,North Campus,198.0,6,True
COL_02537,2026-08-28 17:00:00,BIN_003,Central Campus,318.9,2,True
COL_02538,2026-08-28 17:00:00,BIN_024,Dining,309.5,4,True
COL_02539,2026-08-28 17:00:00,BIN_031,North Campus,187.7,3,True
COL_02540,2026-08-28 17:00:00,BIN_032,North Campus,142.3,2,True
COL_02541,2026-08-28 18:00:00,BIN_027,Dining,97.4,2,True
COL_02542,2026-08-29 02:00:00,BIN_022,South/West Quad,322.8,4,True
COL_02543,2026-08-29 03:00:00,BIN_034,Library,109.7,5,True
COL_02544,2026-08-29 05:00:00,BIN_020,South/West Quad,223.9,4,True
COL_02545,2026-08-29 06:00:00,BIN_017,South/West Quad,100.6,2,True
COL_02546,2026-08-29 07:00:00,BIN_021,South/West Quad,286.4,2,True
COL_02547,2026-08-29 09:00:00,BIN_018,South/West Quad,96.2,6,True
COL_02548,2026-08-29 09:00:00,BIN_036,Library,208.8,2,True
COL_02549,2026-08-29 10:00:00,BIN_023,Dining,192.3,4,True
COL_02550,2026-08-29 14:00:00,BIN_025,Dining,342.7,3,True
COL_02551,2026-08-29 17:00:00,BIN_026,Dining,206.6,3,True
COL_02552,2026-08-29 18:00:00,BIN_024,Dining,311.0,4,True
COL_02553,2026-08-29 18:00:00,BIN_027,Dining,104.9,2,True
COL_02554,2026-08-29 20:00:00,BIN_019,South/West Quad,225.9,6,True
COL_02555,2026-08-30 00:00:00,BIN_029,North Campus,166.2,2,True
COL_02556,2026-08-30 03:00:00,BIN_035,Library,104.5,5,True
COL_02557,2026-08-30 10:00:00,BIN_002,Central Campus,298.7,6,True
COL_02558,2026-08-30 11:00:00,BIN_023,Dining,188.4,5,True
COL_02559,2026-08-30 17:00:00,BIN_025,Dining,315.6,2,True
COL_02560,2026-08-30 19:00:00,BIN_024,Dining,324.9,4,True
COL_02561,2026-08-30 19:00:00,BIN_026,Dining,189.7,6,True
COL_02562,2026-08-30 19:00:00,BIN_027,Dining,107.4,5,True
COL_02563,2026-08-30 20:00:00,BIN_012,Michigan Stadium,159.8,6,True
COL_02564,2026-08-30 21:00:00,BIN_022,South/West Quad,297.6,2,True
COL_02565,2026-08-30 23:00:00,BIN_004,Central Campus,168.9,4,True
COL_02566,2026-08-30 23:00:00,BIN_017,South/West Quad,113.2,3,True
COL_02567,2026-08-31 01:00:00,BIN_020,South/West Quad,219.4,2,True
COL_02568,2026-08-31 01:00:00,BIN_021,South/West Quad,290.4,2,True
COL_02569,2026-08-31 03:00:00,BIN_013,Michigan Stadium,344.6,3,True
COL_02570,2026-08-31 03:00:00,BIN_034,Library,97.5,6,True
COL_02571,2026-08-31 06:00:00,BIN_014,Michigan Stadium,341.7,2,True
COL_02572,2026-08-31 09:00:00,BIN_018,South/West Quad,105.9,5,True
COL_02573,2026-08-31 09:00:00,BIN_036,Library,211.8,5,True
COL_02574,2026-08-31 10:00:00,BIN_006,Central Campus,197.9,4,True
COL_02575,2026-08-31 10:00:00,BIN_009,Michigan Stadium,318.6,2,True
COL_02576,2026-08-31 10:00:00,BIN_010,Michigan Stadium,223.3,2,True
COL_02577,2026-08-31 11:00:00,BIN_023,Dining,188.0,6,True
COL_02578,2026-08-31 13:00:00,BIN_019,South/West Quad,209.1,5,True
COL_02579,2026-08-31 14:00:00,BIN_001,Central Campus,163.7,2,True
COL_02580,2026-08-31 14:00:00,BIN_015,Michigan Stadium,320.2,2,True
COL_02581,2026-08-31 17:00:00,BIN_005,Central Campus,104.0,2,True
COL_02582,2026-08-31 17:00:00,BIN_028,North Campus,150.7,2,True
COL_02583,2026-08-31 17:00:00,BIN_032,North Campus,161.8,5,True
COL_02584,2026-08-31 17:00:00,BIN_033,North Campus,227.8,2,True
COL_02585,2026-08-31 18:00:00,BIN_003,Central Campus,323.3,3,True
COL_02586,2026-08-31 18:00:00,BIN_030,North Campus,339.9,2,True
COL_02587,2026-08-31 19:00:00,BIN_008,Central Campus,345.6,5,True
COL_02588,2026-08-31 19:00:00,BIN_025,Dining,284.8,6,True
COL_02589,2026-08-31 20:00:00,BIN_024,Dining,327.3,3,True
COL_02590,2026-08-31 20:00:00,BIN_027,Dining,95.7,4,True
COL_02591,2026-08-31 21:00:00,BIN_011,Michigan Stadium,217.0,4,True
COL_02592,2026-08-31 23:00:00,BIN_026,Dining,201.6,2,True
COL_02593,2026-09-01 01:00:00,BIN_007,Central Campus,150.9,4,True
COL_02594,2026-09-01 02:00:00,BIN_031,North Campus,192.2,2,True
COL_02595,2026-09-01 05:00:00,BIN_035,Library,97.6,5,True
COL_02596,2026-09-01 13:00:00,BIN_023,Dining,210.4,4,True
COL_02597,2026-09-01 13:00:00,BIN_029,North Campus,164.6,6,True
COL_02598,2026-09-01 16:00:00,BIN_002,Central Campus,312.0,5,True
COL_02599,2026-09-01 18:00:00,BIN_004,Central Campus,150.8,5,True
COL_02600,2026-09-01 19:00:00,BIN_017,South/West Quad,94.1,2,True
COL_02601,2026-09-01 19:00:00,BIN_021,South/West Quad,298.0,3,True
COL_02602,2026-09-01 20:00:00,BIN_020,South/West Quad,197.9,6,True
COL_02603,2026-09-01 20:00:00,BIN_022,South/West Quad,316.7,3,True
COL_02604,2026-09-01 22:00:00,BIN_024,Dining,332.1,4,True
COL_02605,2026-09-01 23:00:00,BIN_025,Dining,326.9,3,True
COL_02606,2026-09-02 01:00:00,BIN_026,Dining,212.2,4,True
COL_02607,2026-09-02 02:00:00,BIN_006,Central Campus,196.3,3,True
COL_02608,2026-09-02 02:00:00,BIN_027,Dining,102.7,2,True
COL_02609,2026-09-02 04:00:00,BIN_034,Library,106.0,5,True
COL_02610,2026-09-02 05:00:00,BIN_018,South/West Quad,107.7,2,True
COL_02611,2026-09-02 07:00:00,BIN_036,Library,190.5,5,True
COL_02612,2026-09-02 08:00:00,BIN_019,South/West Quad,203.4,6,True
COL_02613,2026-09-02 11:00:00,BIN_032,North Campus,160.9,6,True
COL_02614,2026-09-02 12:00:00,BIN_028,North Campus,149.6,4,True
COL_02615,2026-09-02 12:00:00,BIN_030,North Campus,316.3,5,True
COL_02616,2026-09-02 12:00:00,BIN_031,North Campus,211.5,4,True
COL_02617,2026-09-02 12:00:00,BIN_033,North Campus,196.8,6,True
COL_02618,2026-09-02 14:00:00,BIN_001,Central Campus,156.6,6,True
COL_02619,2026-09-02 14:00:00,BIN_023,Dining,194.7,6,True
COL_02620,2026-09-02 14:00:00,BIN_029,North Campus,168.6,4,True
COL_02621,2026-09-02 16:00:00,BIN_003,Central Campus,314.2,4,True
COL_02622,2026-09-02 16:00:00,BIN_005,Central Campus,94.4,6,True
COL_02623,2026-09-02 16:00:00,BIN_016,Michigan Stadium,109.3,3,True
COL_02624,2026-09-02 17:00:00,BIN_008,Central Campus,319.6,4,True
COL_02625,2026-09-03 02:00:00,BIN_007,Central Campus,171.6,2,True
COL_02626,2026-09-03 03:00:00,BIN_026,Dining,224.7,2,True
COL_02627,2026-09-03 05:00:00,BIN_024,Dining,290.8,5,True
COL_02628,2026-09-03 05:00:00,BIN_027,Dining,111.5,2,True
COL_02629,2026-09-03 08:00:00,BIN_025,Dining,337.0,6,True
COL_02630,2026-09-03 08:00:00,BIN_035,Library,95.8,3,True
COL_02631,2026-09-03 09:00:00,BIN_017,South/West Quad,95.6,3,True
COL_02632,2026-09-03 09:00:00,BIN_032,North Campus,153.1,3,True
COL_02633,2026-09-03 12:00:00,BIN_020,South/West Quad,197.5,6,True
COL_02634,2026-09-03 12:00:00,BIN_033,North Campus,193.0,2,True
COL_02635,2026-09-03 13:00:00,BIN_028,North Campus,168.2,3,True
COL_02636,2026-09-03 13:00:00,BIN_030,North Campus,339.9,6,True
COL_02637,2026-09-03 13:00:00,BIN_031,North Campus,210.9,5,True
COL_02638,2026-09-03 14:00:00,BIN_002,Central Campus,299.3,3,True
COL_02639,2026-09-03 14:00:00,BIN_021,South/West Quad,304.6,2,True
COL_02640,2026-09-03 14:00:00,BIN_022,South/West Quad,281.5,3,True
COL_02641,2026-09-03 18:00:00,BIN_004,Central Campus,142.8,6,True
COL_02642,2026-09-03 18:00:00,BIN_023,Dining,215.8,2,True
COL_02643,2026-09-03 18:00:00,BIN_029,North Campus,142.5,4,True
COL_02644,2026-09-03 21:00:00,BIN_018,South/West Quad,108.1,4,True
COL_02645,2026-09-03 23:00:00,BIN_036,Library,197.9,6,True
COL_02646,2026-09-04 00:00:00,BIN_019,South/West Quad,190.5,6,True
COL_02647,2026-09-04 03:00:00,BIN_024,Dining,309.8,4,True
COL_02648,2026-09-04 03:00:00,BIN_034,Library,94.7,2,True
COL_02649,2026-09-04 05:00:00,BIN_006,Central Campus,211.1,6,True
COL_02650,2026-09-04 07:00:00,BIN_027,Dining,97.1,2,True
COL_02651,2026-09-04 08:00:00,BIN_026,Dining,192.0,6,True
COL_02652,2026-09-04 11:00:00,BIN_025,Dining,289.3,6,True
COL_02653,2026-09-04 13:00:00,BIN_001,Central Campus,159.8,6,True
COL_02654,2026-09-04 14:00:00,BIN_005,Central Campus,108.4,2,True
COL_02655,2026-09-04 15:00:00,BIN_003,Central Campus,344.1,4,True
COL_02656,2026-09-04 17:00:00,BIN_008,Central Campus,317.0,4,True
COL_02657,2026-09-04 20:00:00,BIN_023,Dining,188.7,2,True
COL_02658,2026-09-04 21:00:00,BIN_007,Central Campus,162.0,4,True
COL_02659,2026-09-04 23:00:00,BIN_035,Library,108.7,4,True
COL_02660,2026-09-05 01:00:00,BIN_032,North Campus,167.0,4,True
COL_02661,2026-09-05 03:00:00,BIN_017,South/West Quad,95.0,4,True
COL_02662,2026-09-05 05:00:00,BIN_021,South/West Quad,334.5,2,True
COL_02663,2026-09-05 07:00:00,BIN_020,South/West Quad,214.6,5,True
COL_02664,2026-09-05 07:00:00,BIN_022,South/West Quad,336.8,6,True
COL_02665,2026-09-05 08:00:00,BIN_024,Dining,283.4,5,True
COL_02666,2026-09-05 11:00:00,BIN_026,Dining,215.2,2,True
COL_02667,2026-09-05 11:00:00,BIN_027,Dining,98.9,3,True
COL_02668,2026-09-05 12:00:00,BIN_025,Dining,296.1,4,True
COL_02669,2026-09-05 18:00:00,BIN_018,South/West Quad,112.4,3,True
COL_02670,2026-09-05 22:00:00,BIN_019,South/West Quad,225.9,5,True
COL_02671,2026-09-05 23:00:00,BIN_031,North Campus,198.8,5,True
COL_02672,2026-09-06 00:00:00,BIN_012,Michigan Stadium,142.7,4,True
COL_02673,2026-09-06 00:00:00,BIN_023,Dining,211.1,4,True
COL_02674,2026-09-06 01:00:00,BIN_011,Michigan Stadium,187.7,2,True
COL_02675,2026-09-06 01:00:00,BIN_033,North Campus,197.9,5,True
COL_02676,2026-09-06 01:00:00,BIN_034,Library,112.2,6,True
COL_02677,2026-09-06 02:00:00,BIN_036,Library,193.3,6,True
COL_02678,2026-09-06 05:00:00,BIN_030,North Campus,331.3,3,True
COL_02679,2026-09-06 06:00:00,BIN_015,Michigan Stadium,336.5,2,True
COL_02680,2026-09-06 07:00:00,BIN_013,Michigan Stadium,322.5,3,True
COL_02681,2026-09-06 09:00:00,BIN_024,Dining,345.5,5,True
COL_02682,2026-09-06 13:00:00,BIN_025,Dining,294.8,2,True
COL_02683,2026-09-06 13:00:00,BIN_026,Dining,199.5,4,True
COL_02684,2026-09-06 13:00:00,BIN_027,Dining,97.1,4,True
COL_02685,2026-09-06 14:00:00,BIN_002,Central Campus,297.4,6,True
COL_02686,2026-09-06 14:00:00,BIN_009,Michigan Stadium,297.8,3,True
COL_02687,2026-09-06 14:00:00,BIN_010,Michigan Stadium,213.2,3,True
COL_02688,2026-09-06 14:00:00,BIN_014,Michigan Stadium,321.1,4,True
COL_02689,2026-09-06 14:00:00,BIN_028,North Campus,163.1,6,True
COL_02690,2026-09-06 17:00:00,BIN_016,Michigan Stadium,107.8,2,True
COL_02691,2026-09-06 21:00:00,BIN_020,South/West Quad,208.0,2,True
COL_02692,2026-09-06 22:00:00,BIN_017,South/West Quad,111.3,6,True
COL_02693,2026-09-06 22:00:00,BIN_035,Library,99.5,5,True
COL_02694,2026-09-06 23:00:00,BIN_004,Central Campus,146.6,6,True
COL_02695,2026-09-06 23:00:00,BIN_021,South/West Quad,327.7,5,True
COL_02696,2026-09-07 00:00:00,BIN_029,North Campus,160.4,6,True
COL_02697,2026-09-07 02:00:00,BIN_022,South/West Quad,333.7,6,True
COL_02698,2026-09-07 03:00:00,BIN_023,Dining,199.9,3,True
COL_02699,2026-09-07 10:00:00,BIN_024,Dining,318.0,5,True
COL_02700,2026-09-07 12:00:00,BIN_006,Central Campus,219.3,5,True
COL_02701,2026-09-07 13:00:00,BIN_001,Central Campus,148.3,5,True
COL_02702,2026-09-07 14:00:00,BIN_003,Central Campus,341.0,6,True
COL_02703,2026-09-07 15:00:00,BIN_025,Dining,284.9,3,True
COL_02704,2026-09-07 16:00:00,BIN_005,Central Campus,110.0,4,True
COL_02705,2026-09-07 16:00:00,BIN_018,South/West Quad,100.5,5,True
COL_02706,2026-09-07 17:00:00,BIN_008,Central Campus,301.6,2,True
COL_02707,2026-09-07 17:00:00,BIN_026,Dining,215.1,3,True
COL_02708,2026-09-07 18:00:00,BIN_027,Dining,103.6,5,True
COL_02709,2026-09-07 19:00:00,BIN_019,South/West Quad,196.6,2,True
COL_02710,2026-09-07 20:00:00,BIN_007,Central Campus,170.1,3,True
COL_02711,2026-09-07 23:00:00,BIN_036,Library,192.3,4,True
COL_02712,2026-09-08 00:00:00,BIN_034,Library,96.5,3,True
COL_02713,2026-09-08 02:00:00,BIN_023,Dining,219.8,2,True
COL_02714,2026-09-08 02:00:00,BIN_032,North Campus,154.5,5,True
COL_02715,2026-09-08 12:00:00,BIN_031,North Campus,229.8,4,True
COL_02716,2026-09-08 13:00:00,BIN_024,Dining,343.3,5,True
COL_02717,2026-09-08 14:00:00,BIN_030,North Campus,328.8,2,True
COL_02718,2026-09-08 15:00:00,BIN_028,North Campus,156.1,4,True
COL_02719,2026-09-08 15:00:00,BIN_033,North Campus,195.2,5,True
COL_02720,2026-09-08 16:00:00,BIN_002,Central Campus,333.5,2,True
COL_02721,2026-09-08 16:00:00,BIN_029,North Campus,168.9,6,True
COL_02722,2026-09-08 17:00:00,BIN_025,Dining,285.4,3,True
COL_02723,2026-09-08 18:00:00,BIN_026,Dining,196.5,3,True
COL_02724,2026-09-08 18:00:00,BIN_027,Dining,113.9,4,True
COL_02725,2026-09-08 19:00:00,BIN_021,South/West Quad,341.7,4,True
COL_02726,2026-09-08 19:00:00,BIN_022,South/West Quad,331.0,5,True
COL_02727,2026-09-08 21:00:00,BIN_017,South/West Quad,94.5,4,True
COL_02728,2026-09-08 21:00:00,BIN_020,South/West Quad,212.0,3,True
COL_02729,2026-09-08 22:00:00,BIN_004,Central Campus,149.8,5,True
COL_02730,2026-09-08 22:00:00,BIN_035,Library,95.8,2,True
COL_02731,2026-09-09 08:00:00,BIN_023,Dining,217.4,6,True
COL_02732,2026-09-09 09:00:00,BIN_018,South/West Quad,110.8,5,True
COL_02733,2026-09-09 10:00:00,BIN_006,Central Campus,217.4,6,True
COL_02734,2026-09-09 12:00:00,BIN_001,Central Campus,160.1,3,True
COL_02735,2026-09-09 12:00:00,BIN_019,South/West Quad,211.7,4,True
COL_02736,2026-09-09 14:00:00,BIN_003,Central Campus,306.3,3,True
COL_02737,2026-09-09 14:00:00,BIN_008,Central Campus,300.4,5,True
COL_02738,2026-09-09 15:00:00,BIN_005,Central Campus,96.0,3,True
COL_02739,2026-09-09 15:00:00,BIN_013,Michigan Stadium,324.7,6,True
COL_02740,2026-09-09 16:00:00,BIN_007,Central Campus,167.3,6,True
COL_02741,2026-09-09 16:00:00,BIN_024,Dining,306.5,2,True
COL_02742,2026-09-09 17:00:00,BIN_015,Michigan Stadium,335.1,5,True
COL_02743,2026-09-09 18:00:00,BIN_025,Dining,292.7,5,True
COL_02744,2026-09-09 18:00:00,BIN_032,North Campus,155.4,4,True
COL_02745,2026-09-09 19:00:00,BIN_027,Dining,103.2,2,True
COL_02746,2026-09-09 23:00:00,BIN_026,Dining,224.4,2,True
COL_02747,2026-09-10 00:00:00,BIN_034,Library,96.0,5,True
COL_02748,2026-09-10 01:00:00,BIN_012,Michigan Stadium,164.7,5,True
COL_02749,2026-09-10 03:00:00,BIN_036,Library,221.5,6,True
COL_02750,2026-09-10 04:00:00,BIN_011,Michigan Stadium,198.3,2,True
COL_02751,2026-09-10 11:00:00,BIN_021,South/West Quad,312.5,2,True
COL_02752,2026-09-10 11:00:00,BIN_023,Dining,188.4,4,True
COL_02753,2026-09-10 11:00:00,BIN_031,North Campus,224.9,3,True
COL_02754,2026-09-10 12:00:00,BIN_022,South/West Quad,321.3,3,True
COL_02755,2026-09-10 13:00:00,BIN_030,North Campus,337.3,3,True
COL_02756,2026-09-10 14:00:00,BIN_028,North Campus,155.4,4,True
COL_02757,2026-09-10 16:00:00,BIN_002,Central Campus,308.3,2,True
COL_02758,2026-09-10 16:00:00,BIN_029,North Campus,172.0,3,True
COL_02759,2026-09-10 16:00:00,BIN_033,North Campus,218.5,2,True
COL_02760,2026-09-10 17:00:00,BIN_024,Dining,303.5,5,True
COL_02761,2026-09-10 18:00:00,BIN_017,South/West Quad,112.0,3,True
COL_02762,2026-09-10 18:00:00,BIN_020,South/West Quad,218.3,3,True
COL_02763,2026-09-10 20:00:00,BIN_004,Central Campus,151.4,6,True
COL_02764,2026-09-10 20:00:00,BIN_035,Library,108.0,2,True
COL_02765,2026-09-10 23:00:00,BIN_025,Dining,296.9,3,True
COL_02766,2026-09-10 23:00:00,BIN_027,Dining,94.9,5,True
COL_02767,2026-09-11 02:00:00,BIN_019,South/West Quad,222.2,5,True
COL_02768,2026-09-11 03:00:00,BIN_018,South/West Quad,114.4,5,True
COL_02769,2026-09-11 03:00:00,BIN_026,Dining,215.4,5,True
COL_02770,2026-09-11 09:00:00,BIN_006,Central Campus,205.7,2,True
COL_02771,2026-09-11 10:00:00,BIN_009,Michigan Stadium,316.9,3,True
COL_02772,2026-09-11 12:00:00,BIN_023,Dining,203.1,3,True
COL_02773,2026-09-11 13:00:00,BIN_003,Central Campus,331.3,2,True
COL_02774,2026-09-11 13:00:00,BIN_007,Central Campus,166.1,6,True
COL_02775,2026-09-11 13:00:00,BIN_008,Central Campus,296.8,3,True
COL_02776,2026-09-11 14:00:00,BIN_001,Central Campus,150.2,3,True
COL_02777,2026-09-11 14:00:00,BIN_014,Michigan Stadium,282.7,6,True
COL_02778,2026-09-11 14:00:00,BIN_032,North Campus,148.4,2,True
COL_02779,2026-09-11 15:00:00,BIN_005,Central Campus,103.2,2,True
COL_02780,2026-09-11 17:00:00,BIN_024,Dining,283.1,5,True
COL_02781,2026-09-11 20:00:00,BIN_034,Library,97.2,6,True
COL_02782,2026-09-11 23:00:00,BIN_025,Dining,313.6,3,True
COL_02783,2026-09-12 02:00:00,BIN_010,Michigan Stadium,216.0,2,True
COL_02784,2026-09-12 02:00:00,BIN_027,Dining,107.6,6,True
COL_02785,2026-09-12 03:00:00,BIN_036,Library,205.2,6,True
COL_02786,2026-09-12 07:00:00,BIN_022,South/West Quad,309.0,5,True
COL_02787,2026-09-12 09:00:00,BIN_020,South/West Quad,188.0,2,True
COL_02788,2026-09-12 09:00:00,BIN_026,Dining,213.7,6,True
COL_02789,2026-09-12 10:00:00,BIN_021,South/West Quad,316.8,2,True
COL_02790,2026-09-12 11:00:00,BIN_017,South/West Quad,100.2,3,True
COL_02791,2026-09-12 14:00:00,BIN_023,Dining,221.9,3,True
COL_02792,2026-09-12 18:00:00,BIN_030,North Campus,333.4,5,True
COL_02793,2026-09-12 19:00:00,BIN_024,Dining,304.4,4,True
COL_02794,2026-09-12 21:00:00,BIN_018,South/West Quad,104.7,6,True
COL_02795,2026-09-12 21:00:00,BIN_019,South/West Quad,192.0,3,True
COL_02796,2026-09-12 23:00:00,BIN_035,Library,106.6,3,True
COL_02797,2026-09-13 01:00:00,BIN_016,Michigan Stadium,111.5,6,True
COL_02798,2026-09-13 01:00:00,BIN_025,Dining,298.1,5,True
COL_02799,2026-09-13 05:00:00,BIN_031,North Campus,209.5,3,True
COL_02800,2026-09-13 06:00:00,BIN_033,North Campus,193.4,4,True
COL_02801,2026-09-13 07:00:00,BIN_002,Central Campus,319.6,4,True
COL_02802,2026-09-13 07:00:00,BIN_028,North Campus,165.1,2,True
COL_02803,2026-09-13 09:00:00,BIN_027,Dining,104.0,4,True
COL_02804,2026-09-13 12:00:00,BIN_026,Dining,218.2,6,True
COL_02805,2026-09-13 15:00:00,BIN_023,Dining,230.3,5,True
COL_02806,2026-09-13 15:00:00,BIN_029,North Campus,163.9,4,True
COL_02807,2026-09-13 16:00:00,BIN_034,Library,111.9,3,True
COL_02808,2026-09-13 23:00:00,BIN_004,Central Campus,156.3,2,True
COL_02809,2026-09-13 23:00:00,BIN_036,Library,209.8,2,True
COL_02810,2026-09-14 00:00:00,BIN_020,South/West Quad,191.4,3,True
COL_02811,2026-09-14 00:00:00,BIN_022,South/West Quad,319.6,3,True
COL_02812,2026-09-14 00:00:00,BIN_024,Dining,315.0,4,True
COL_02813,2026-09-14 02:00:00,BIN_017,South/West Quad,107.5,5,True
COL_02814,2026-09-14 03:00:00,BIN_025,Dining,285.5,3,True
COL_02815,2026-09-14 06:00:00,BIN_021,South/West Quad,335.8,3,True
COL_02816,2026-09-14 09:00:00,BIN_027,Dining,108.9,2,True
COL_02817,2026-09-14 12:00:00,BIN_003,Central Campus,334.9,2,True
COL_02818,2026-09-14 12:00:00,BIN_006,Central Campus,217.6,5,True
COL_02819,2026-09-14 12:00:00,BIN_007,Central Campus,156.1,5,True
COL_02820,2026-09-14 12:00:00,BIN_026,Dining,188.0,4,True
COL_02821,2026-09-14 15:00:00,BIN_001,Central Campus,172.4,6,True
COL_02822,2026-09-14 15:00:00,BIN_008,Central Campus,303.6,6,True
COL_02823,2026-09-14 16:00:00,BIN_019,South/West Quad,198.9,3,True
COL_02824,2026-09-14 16:00:00,BIN_023,Dining,229.6,2,True
COL_02825,2026-09-14 17:00:00,BIN_005,Central Campus,101.8,2,True
COL_02826,2026-09-14 17:00:00,BIN_018,South/West Quad,104.8,4,True
COL_02827,2026-09-14 20:00:00,BIN_032,North Campus,141.9,3,True
COL_02828,2026-09-14 20:00:00,BIN_035,Library,96.9,6,True
COL_02829,2026-09-14 21:00:00,BIN_015,Michigan Stadium,288.9,2,True
COL_02830,2026-09-15 06:00:00,BIN_013,Michigan Stadium,340.2,3,True
COL_02831,2026-09-15 07:00:00,BIN_025,Dining,331.5,4,True
COL_02832,2026-09-15 08:00:00,BIN_024,Dining,287.8,2,True
COL_02833,2026-09-15 10:00:00,BIN_030,North Campus,335.1,6,True
COL_02834,2026-09-15 11:00:00,BIN_002,Central Campus,297.9,3,True
COL_02835,2026-09-15 12:00:00,BIN_027,Dining,107.3,2,True
COL_02836,2026-09-15 13:00:00,BIN_004,Central Campus,161.0,6,True
COL_02837,2026-09-15 13:00:00,BIN_026,Dining,208.7,3,True
COL_02838,2026-09-15 14:00:00,BIN_029,North Campus,147.3,6,True
COL_02839,2026-09-15 14:00:00,BIN_031,North Campus,200.2,6,True
COL_02840,2026-09-15 15:00:00,BIN_023,Dining,229.2,2,True
COL_02841,2026-09-15 15:00:00,BIN_033,North Campus,193.3,3,True
COL_02842,2026-09-15 16:00:00,BIN_034,Library,104.5,4,True
COL_02843,2026-09-15 17:00:00,BIN_028,North Campus,164.9,3,True
COL_02844,2026-09-15 20:00:00,BIN_017,South/West Quad,110.8,2,True
COL_02845,2026-09-15 21:00:00,BIN_022,South/West Quad,297.0,3,True
COL_02846,2026-09-15 22:00:00,BIN_036,Library,226.9,5,True
COL_02847,2026-09-15 23:00:00,BIN_020,South/West Quad,213.5,2,True
COL_02848,2026-09-16 02:00:00,BIN_021,South/West Quad,292.3,2,True
COL_02849,2026-09-16 03:00:00,BIN_012,Michigan Stadium,148.8,4,True
COL_02850,2026-09-16 05:00:00,BIN_003,Central Campus,310.5,3,True
COL_02851,2026-09-16 06:00:00,BIN_006,Central Campus,190.9,6,True
COL_02852,2026-09-16 09:00:00,BIN_007,Central Campus,143.7,6,True
COL_02853,2026-09-16 09:00:00,BIN_019,South/West Quad,220.7,4,True
COL_02854,2026-09-16 09:00:00,BIN_025,Dining,302.8,4,True
COL_02855,2026-09-16 10:00:00,BIN_024,Dining,331.6,6,True
COL_02856,2026-09-16 11:00:00,BIN_001,Central Campus,159.0,4,True
COL_02857,2026-09-16 11:00:00,BIN_018,South/West Quad,94.7,5,True
COL_02858,2026-09-16 13:00:00,BIN_005,Central Campus,101.9,3,True
COL_02859,2026-09-16 13:00:00,BIN_011,Michigan Stadium,192.2,6,True
COL_02860,2026-09-16 13:00:00,BIN_026,Dining,202.4,3,True
COL_02861,2026-09-16 13:00:00,BIN_027,Dining,106.7,5,True
COL_02862,2026-09-16 14:00:00,BIN_008,Central Campus,330.0,4,True
COL_02863,2026-09-16 17:00:00,BIN_023,Dining,194.7,3,True
COL_02864,2026-09-16 18:00:00,BIN_032,North Campus,145.5,2,True
COL_02865,2026-09-16 21:00:00,BIN_035,Library,97.4,2,True
COL_02866,2026-09-17 05:00:00,BIN_009,Michigan Stadium,290.6,5,True
COL_02867,2026-09-17 06:00:00,BIN_030,North Campus,315.7,4,True
COL_02868,2026-09-17 09:00:00,BIN_024,Dining,329.2,2,True
COL_02869,2026-09-17 10:00:00,BIN_002,Central Campus,341.1,6,True
COL_02870,2026-09-17 10:00:00,BIN_017,South/West Quad,98.6,5,True
COL_02871,2026-09-17 11:00:00,BIN_025,Dining,313.9,5,True
COL_02872,2026-09-17 11:00:00,BIN_033,North Campus,188.4,5,True
COL_02873,2026-09-17 13:00:00,BIN_004,Central Campus,147.0,5,True
COL_02874,2026-09-17 13:00:00,BIN_014,Michigan Stadium,289.8,5,True
COL_02875,2026-09-17 13:00:00,BIN_022,South/West Quad,281.1,3,True
COL_02876,2026-09-17 13:00:00,BIN_031,North Campus,229.8,4,True
COL_02877,2026-09-17 14:00:00,BIN_027,Dining,99.1,2,True
COL_02878,2026-09-17 14:00:00,BIN_029,North Campus,159.1,5,True
COL_02879,2026-09-17 15:00:00,BIN_026,Dining,230.1,5,True
COL_02880,2026-09-17 15:00:00,BIN_028,North Campus,170.7,5,True
COL_02881,2026-09-17 17:00:00,BIN_003,Central Campus,337.2,6,True
COL_02882,2026-09-17 17:00:00,BIN_006,Central Campus,199.0,4,True
COL_02883,2026-09-17 17:00:00,BIN_007,Central Campus,167.2,3,True
COL_02884,2026-09-17 17:00:00,BIN_034,Library,108.1,6,True
COL_02885,2026-09-17 18:00:00,BIN_023,Dining,218.0,6,True
COL_02886,2026-09-17 20:00:00,BIN_020,South/West Quad,210.1,6,True
COL_02887,2026-09-17 22:00:00,BIN_021,South/West Quad,320.4,5,True
COL_02888,2026-09-17 22:00:00,BIN_036,Library,226.3,3,True
COL_02889,2026-09-18 05:00:00,BIN_001,Central Campus,151.8,6,True
COL_02890,2026-09-18 07:00:00,BIN_010,Michigan Stadium,226.8,4,True
COL_02891,2026-09-18 09:00:00,BIN_005,Central Campus,103.8,4,True
COL_02892,2026-09-18 09:00:00,BIN_018,South/West Quad,95.4,3,True
COL_02893,2026-09-18 09:00:00,BIN_019,South/West Quad,209.0,3,True
COL_02894,2026-09-18 10:00:00,BIN_008,Central Campus,281.0,2,True
COL_02895,2026-09-18 12:00:00,BIN_024,Dining,293.4,5,True
COL_02896,2026-09-18 12:00:00,BIN_025,Dining,344.9,2,True
COL_02897,2026-09-18 17:00:00,BIN_026,Dining,210.4,4,True
COL_02898,2026-09-18 17:00:00,BIN_027,Dining,114.5,5,True
COL_02899,2026-09-18 18:00:00,BIN_032,North Campus,155.3,6,True
COL_02900,2026-09-18 22:00:00,BIN_035,Library,94.9,2,True
COL_02901,2026-09-18 23:00:00,BIN_002,Central Campus,302.3,5,True
COL_02902,2026-09-18 23:00:00,BIN_023,Dining,200.4,5,True
COL_02903,2026-09-19 01:00:00,BIN_017,South/West Quad,97.5,4,True
COL_02904,2026-09-19 03:00:00,BIN_022,South/West Quad,319.3,5,True
COL_02905,2026-09-19 07:00:00,BIN_016,Michigan Stadium,97.1,6,True
COL_02906,2026-09-19 12:00:00,BIN_030,North Campus,294.2,5,True
COL_02907,2026-09-19 13:00:00,BIN_004,Central Campus,145.3,6,True
COL_02908,2026-09-19 13:00:00,BIN_025,Dining,334.8,4,True
COL_02909,2026-09-19 15:00:00,BIN_024,Dining,336.8,4,True
COL_02910,2026-09-19 17:00:00,BIN_020,South/West Quad,189.0,6,True
COL_02911,2026-09-19 17:00:00,BIN_021,South/West Quad,285.0,5,True
COL_02912,2026-09-19 17:00:00,BIN_033,North Campus,188.6,4,True
COL_02913,2026-09-19 17:00:00,BIN_034,Library,103.0,4,True
COL_02914,2026-09-19 18:00:00,BIN_027,Dining,100.0,4,True
COL_02915,2026-09-19 19:00:00,BIN_026,Dining,194.4,5,True
COL_02916,2026-09-19 19:00:00,BIN_036,Library,222.8,6,True
COL_02917,2026-09-20 01:00:00,BIN_019,South/West Quad,199.7,4,True
COL_02918,2026-09-20 02:00:00,BIN_023,Dining,228.4,3,True
COL_02919,2026-09-20 02:00:00,BIN_031,North Campus,215.9,5,True
COL_02920,2026-09-20 05:00:00,BIN_029,North Campus,158.1,2,True
COL_02921,2026-09-20 10:00:00,BIN_018,South/West Quad,100.9,5,True
COL_02922,2026-09-20 10:00:00,BIN_028,North Campus,171.5,2,True
COL_02923,2026-09-20 13:00:00,BIN_006,Central Campus,196.3,2,True
COL_02924,2026-09-20 13:00:00,BIN_017,South/West Quad,103.9,4,True
COL_02925,2026-09-20 14:00:00,BIN_003,Central Campus,304.9,6,True
COL_02926,2026-09-20 14:00:00,BIN_013,Michigan Stadium,287.7,3,True
COL_02927,2026-09-20 17:00:00,BIN_024,Dining,281.2,4,True
COL_02928,2026-09-20 17:00:00,BIN_025,Dining,333.0,2,True
COL_02929,2026-09-20 19:00:00,BIN_007,Central Campus,157.0,6,True
COL_02930,2026-09-20 19:00:00,BIN_027,Dining,101.8,3,True
COL_02931,2026-09-20 21:00:00,BIN_035,Library,111.2,4,True
COL_02932,2026-09-20 23:00:00,BIN_022,South/West Quad,330.5,4,True
COL_02933,2026-09-21 00:00:00,BIN_026,Dining,216.3,2,True
COL_02934,2026-09-21 07:00:00,BIN_023,Dining,219.8,2,True
COL_02935,2026-09-21 09:00:00,BIN_001,Central Campus,154.4,2,True
COL_02936,2026-09-21 09:00:00,BIN_015,Michigan Stadium,313.8,2,True
COL_02937,2026-09-21 09:00:00,BIN_020,South/West Quad,195.0,3,True
COL_02938,2026-09-21 09:00:00,BIN_021,South/West Quad,308.1,2,True
COL_02939,2026-09-21 11:00:00,BIN_005,Central Campus,101.2,5,True
COL_02940,2026-09-21 11:00:00,BIN_008,Central Campus,282.4,6,True
COL_02941,2026-09-21 13:00:00,BIN_034,Library,101.1,2,True
COL_02942,2026-09-21 17:00:00,BIN_024,Dining,284.3,3,True
COL_02943,2026-09-21 19:00:00,BIN_025,Dining,308.8,6,True
COL_02944,2026-09-21 20:00:00,BIN_011,Michigan Stadium,200.0,3,True
COL_02945,2026-09-21 20:00:00,BIN_036,Library,193.6,5,True
COL_02946,2026-09-21 21:00:00,BIN_032,North Campus,167.4,6,True
COL_02947,2026-09-21 22:00:00,BIN_019,South/West Quad,224.4,4,True
COL_02948,2026-09-21 22:00:00,BIN_027,Dining,114.7,4,True
COL_02949,2026-09-22 02:00:00,BIN_002,Central Campus,307.4,2,True
COL_02950,2026-09-22 02:00:00,BIN_018,South/West Quad,98.9,6,True
COL_02951,2026-09-22 05:00:00,BIN_017,South/West Quad,104.6,6,True
COL_02952,2026-09-22 06:00:00,BIN_026,Dining,213.9,2,True
COL_02953,2026-09-22 07:00:00,BIN_023,Dining,215.5,2,True
COL_02954,2026-09-22 10:00:00,BIN_030,North Campus,300.2,5,True
COL_02955,2026-09-22 11:00:00,BIN_033,North Campus,190.9,2,True
COL_02956,2026-09-22 12:00:00,BIN_004,Central Campus,148.5,5,True
COL_02957,2026-09-22 12:00:00,BIN_029,North Campus,159.4,5,True
COL_02958,2026-09-22 13:00:00,BIN_003,Central Campus,292.6,6,True
COL_02959,2026-09-22 15:00:00,BIN_006,Central Campus,208.3,5,True
COL_02960,2026-09-22 15:00:00,BIN_028,North Campus,141.6,4,True
COL_02961,2026-09-22 15:00:00,BIN_031,North Campus,204.3,3,True
COL_02962,2026-09-22 17:00:00,BIN_022,South/West Quad,286.4,5,True
COL_02963,2026-09-22 18:00:00,BIN_012,Michigan Stadium,153.9,2,True
COL_02964,2026-09-22 18:00:00,BIN_024,Dining,285.6,6,True
COL_02965,2026-09-22 20:00:00,BIN_007,Central Campus,144.1,6,True
COL_02966,2026-09-22 20:00:00,BIN_025,Dining,305.1,4,True
COL_02967,2026-09-22 23:00:00,BIN_035,Library,107.2,5,True
COL_02968,2026-09-23 00:00:00,BIN_020,South/West Quad,199.0,2,True
COL_02969,2026-09-23 00:00:00,BIN_027,Dining,97.8,3,True
COL_02970,2026-09-23 03:00:00,BIN_021,South/West Quad,313.4,5,True
COL_02971,2026-09-23 05:00:00,BIN_001,Central Campus,163.7,2,True
COL_02972,2026-09-23 08:00:00,BIN_023,Dining,204.6,6,True
COL_02973,2026-09-23 08:00:00,BIN_026,Dining,212.8,2,True
COL_02974,2026-09-23 11:00:00,BIN_005,Central Campus,95.4,6,True
COL_02975,2026-09-23 11:00:00,BIN_008,Central Campus,301.8,4,True
COL_02976,2026-09-23 14:00:00,BIN_034,Library,113.4,2,True
COL_02977,2026-09-23 17:00:00,BIN_014,Michigan Stadium,283.5,2,True
COL_02978,2026-09-23 18:00:00,BIN_017,South/West Quad,111.6,3,True
COL_02979,2026-09-23 18:00:00,BIN_024,Dining,319.6,4,True
COL_02980,2026-09-23 19:00:00,BIN_019,South/West Quad,216.0,5,True
COL_02981,2026-09-23 19:00:00,BIN_032,North Campus,167.5,6,True
COL_02982,2026-09-23 20:00:00,BIN_009,Michigan Stadium,333.8,3,True
COL_02983,2026-09-23 20:00:00,BIN_036,Library,211.9,2,True
COL_02984,2026-09-23 22:00:00,BIN_018,South/West Quad,102.9,4,True
COL_02985,2026-09-24 00:00:00,BIN_002,Central Campus,287.6,5,True
COL_02986,2026-09-24 00:00:00,BIN_025,Dining,304.0,2,True
COL_02987,2026-09-24 06:00:00,BIN_027,Dining,105.8,3,True
COL_02988,2026-09-24 07:00:00,BIN_004,Central Campus,151.9,5,True
COL_02989,2026-09-24 08:00:00,BIN_026,Dining,200.4,5,True
COL_02990,2026-09-24 09:00:00,BIN_022,South/West Quad,316.0,4,True
COL_02991,2026-09-24 10:00:00,BIN_023,Dining,224.4,4,True
COL_02992,2026-09-24 10:00:00,BIN_029,North Campus,170.6,5,True
COL_02993,2026-09-24 10:00:00,BIN_030,North Campus,304.6,5,True
COL_02994,2026-09-24 12:00:00,BIN_033,North Campus,211.5,5,True
COL_02995,2026-09-24 14:00:00,BIN_010,Michigan Stadium,223.9,2,True
COL_02996,2026-09-24 15:00:00,BIN_003,Central Campus,306.0,6,True
COL_02997,2026-09-24 15:00:00,BIN_006,Central Campus,199.9,6,True
COL_02998,2026-09-24 15:00:00,BIN_028,North Campus,145.9,5,True
COL_02999,2026-09-24 15:00:00,BIN_031,North Campus,210.6,2,True
COL_03000,2026-09-24 18:00:00,BIN_024,Dining,312.1,4,True
COL_03001,2026-09-24 19:00:00,BIN_007,Central Campus,147.7,4,True
COL_03002,2026-09-24 19:00:00,BIN_020,South/West Quad,208.9,4,True
COL_03003,2026-09-24 23:00:00,BIN_021,South/West Quad,318.4,6,True
COL_03004,2026-09-25 00:00:00,BIN_001,Central Campus,157.2,6,True
COL_03005,2026-09-25 00:00:00,BIN_035,Library,104.3,6,True
COL_03006,2026-09-25 07:00:00,BIN_027,Dining,101.4,5,True
COL_03007,2026-09-25 08:00:00,BIN_025,Dining,308.8,3,True
COL_03008,2026-09-25 09:00:00,BIN_005,Central Campus,100.6,2,True
COL_03009,2026-09-25 09:00:00,BIN_008,Central Campus,306.0,6,True
COL_03010,2026-09-25 10:00:00,BIN_017,South/West Quad,100.0,5,True
COL_03011,2026-09-25 10:00:00,BIN_026,Dining,213.4,3,True
COL_03012,2026-09-25 11:00:00,BIN_023,Dining,208.5,4,True
COL_03013,2026-09-25 12:00:00,BIN_019,South/West Quad,192.7,2,True
COL_03014,2026-09-25 14:00:00,BIN_016,Michigan Stadium,101.0,4,True
COL_03015,2026-09-25 14:00:00,BIN_018,South/West Quad,94.0,3,True
COL_03016,2026-09-25 14:00:00,BIN_034,Library,107.2,2,True
COL_03017,2026-09-25 17:00:00,BIN_032,North Campus,157.3,6,True
COL_03018,2026-09-25 18:00:00,BIN_036,Library,225.9,2,True
COL_03019,2026-09-25 19:00:00,BIN_002,Central Campus,307.6,4,True
COL_03020,2026-09-25 23:00:00,BIN_024,Dining,302.1,3,True
COL_03021,2026-09-26 02:00:00,BIN_004,Central Campus,149.0,3,True
COL_03022,2026-09-26 07:00:00,BIN_022,South/West Quad,303.6,5,True
COL_03023,2026-09-26 08:00:00,BIN_027,Dining,95.8,2,True
COL_03024,2026-09-26 09:00:00,BIN_013,Michigan Stadium,287.0,4,True
COL_03025,2026-09-26 09:00:00,BIN_025,Dining,284.7,6,True
COL_03026,2026-09-26 10:00:00,BIN_026,Dining,206.1,3,True
COL_03027,2026-09-26 11:00:00,BIN_030,North Campus,330.4,4,True
COL_03028,2026-09-26 12:00:00,BIN_020,South/West Quad,194.2,2,True
COL_03029,2026-09-26 12:00:00,BIN_023,Dining,202.0,6,True
COL_03030,2026-09-26 17:00:00,BIN_029,North Campus,168.4,4,True
COL_03031,2026-09-26 19:00:00,BIN_021,South/West Quad,329.0,6,True
COL_03032,2026-09-26 20:00:00,BIN_033,North Campus,210.0,2,True
COL_03033,2026-09-26 23:00:00,BIN_035,Library,113.4,3,True
COL_03034,2026-09-27 01:00:00,BIN_006,Central Campus,197.3,6,True
COL_03035,2026-09-27 02:00:00,BIN_024,Dining,297.7,2,True
COL_03036,2026-09-27 03:00:00,BIN_017,South/West Quad,98.0,2,True
COL_03037,2026-09-27 07:00:00,BIN_018,South/West Quad,105.2,4,True
COL_03038,2026-09-27 07:00:00,BIN_019,South/West Quad,199.0,4,True
COL_03039,2026-09-27 08:00:00,BIN_028,North Campus,166.5,5,True
COL_03040,2026-09-27 08:00:00,BIN_031,North Campus,203.0,6,True
COL_03041,2026-09-27 10:00:00,BIN_003,Central Campus,296.7,3,True
COL_03042,2026-09-27 11:00:00,BIN_026,Dining,214.2,3,True
COL_03043,2026-09-27 12:00:00,BIN_025,Dining,285.9,4,True
COL_03044,2026-09-27 12:00:00,BIN_027,Dining,105.7,3,True
COL_03045,2026-09-27 14:00:00,BIN_034,Library,103.2,5,True
COL_03046,2026-09-27 16:00:00,BIN_023,Dining,218.9,5,True
COL_03047,2026-09-27 19:00:00,BIN_015,Michigan Stadium,336.1,2,True
COL_03048,2026-09-27 19:00:00,BIN_036,Library,194.3,6,True
